func,prob,total_time,best_obj,best_bound,gap,preprocess_time,solution_time,callback_time,subproblem_time,callback_calls,num_separations,bb_nodes,num_variables,num_constraints,dp_num_nodes,dp_num_arcs,dp_num_paths,dp_unique_arcs,dp_unique_paths
vf,mssp8-n120-d08-v100-p40-m13-01,201.50370374997192,2289.9073428571437,2289.9073428571437,0.0,0.00430981,201.49939393997192,201.06502142999994,201.05552010900013,252,240,93,218,738,,,,,
vf,mssp8-n120-d08-v100-p40-m13-02,192.744347312225,2103.906099565218,2103.906099565218,0.0,0.054606416,192.68974089622498,191.96400579200008,191.95377815899994,283,274,298,218,693,,,,,
vf,mssp8-n120-d08-v100-p40-m13-03,196.9011277487987,2182.7982973317535,2182.7982973317535,0.0,0.014049702,196.8870780467987,196.28212636800004,196.27362008799997,234,223,224,218,727,,,,,
vf,mssp8-n120-d08-v100-p40-m13-04,288.10613128543434,2067.5880515151516,2067.5880515151516,0.0,0.048335284,288.0577960014343,287.13906852700006,287.12689376199995,335,321,408,218,711,,,,,
vf,mssp8-n120-d08-v100-p40-m13-05,233.6658440573512,2137.400199999998,2137.400199999998,0.0,0.197767113,233.4680769443512,231.74935739499992,231.73099146599978,493,477,630,218,693,,,,,
vf,mssp8-n120-d08-v100-p40-m13-06,262.0306638540913,2057.138930559759,2057.138930559759,0.0,0.016107923,262.0145559310913,256.05141473699973,256.0260454890001,627,614,3098,218,747,,,,,
vf,mssp8-n120-d08-v100-p40-m13-07,272.3399148643326,1852.4773200000004,1852.4773200000004,0.0,0.061334914,272.27857995033264,271.3756348329999,271.3546876129999,535,522,214,218,752,,,,,
vf,mssp8-n120-d08-v100-p40-m13-08,701.7543106836166,2219.7668779279293,2219.9437270299313,7.967012381369258e-5,0.059326486,701.6949841976166,699.8588370890004,699.825140952001,693,672,511,218,738,,,,,
vf,mssp8-n120-d08-v100-p40-m13-09,332.9598561170165,2270.180466197184,2270.180466197184,0.0,0.059619272,332.9002368450165,332.0077360679999,331.98490861500005,566,547,221,218,714,,,,,
vf,mssp8-n120-d08-v100-p40-m13-10,205.95155676838598,1985.375831525423,1985.375831525423,0.0,0.065184679,205.886372089386,204.464683936,204.4457394410001,518,503,466,218,761,,,,,
vf,mssp8-n120-d12-v100-p40-m13-01,64.71754507472828,1560.8000999999997,1560.8000999999997,0.0,0.005373997,64.71217107772827,64.31026405600004,64.30211828,166,159,36,218,973,,,,,
vf,mssp8-n120-d12-v100-p40-m13-02,167.78675301985973,1898.2649102941139,1898.2649102941139,0.0,0.047813973,167.73893904685974,166.9293402819999,166.91401002299995,291,277,285,218,996,,,,,
vf,mssp8-n120-d12-v100-p40-m13-03,215.4420436972451,1600.350199999998,1600.350199999998,0.0,0.046110546,215.39593315124512,214.64431457300006,214.62855973099994,300,288,236,218,1029,,,,,
vf,mssp8-n120-d12-v100-p40-m13-04,220.895174479812,1485.8001500000003,1485.8001500000003,0.0,0.037734485,220.857439994812,220.07779353600012,220.05863881100004,356,348,170,218,1012,,,,,
vf,mssp8-n120-d12-v100-p40-m13-05,192.08553770962024,1891.3156955555562,1891.3156955555562,0.0,0.047488727,192.03804898262024,191.65756025099995,191.64601567799988,224,213,60,218,1054,,,,,
vf,mssp8-n120-d12-v100-p40-m13-06,218.9305580001686,1702.5501852941184,1702.5501852941184,0.0,0.007217918,218.92334008216858,217.42733234899993,217.40999182299996,350,339,756,218,1014,,,,,
vf,mssp8-n120-d12-v100-p40-m13-07,48.16762593009204,1620.7422578947367,1620.7422578947367,0.0,0.031332042,48.13629388809204,47.70923561400001,47.704489968999994,100,92,63,218,959,,,,,
vf,mssp8-n120-d12-v100-p40-m13-08,83.97717820096838,1756.9002000000028,1756.9002000000028,0.0,0.086692199,83.89048600196838,83.43907489600002,83.432686067,125,117,79,218,999,,,,,
vf,mssp8-n120-d12-v100-p40-m13-09,85.9268952135736,1836.617661958564,1836.617661958564,0.0,0.047699285,85.87919592857361,85.43431406299999,85.42894092200004,110,102,141,218,973,,,,,
vf,mssp8-n120-d12-v100-p40-m13-10,256.5062654344524,1883.9002000000005,1883.9002000000005,0.0,0.051068577,256.4551968574524,255.39386095000003,255.37406099199976,387,372,370,218,985,,,,,
vf,mssp8-n120-d16-v020-p40-m13-01,200.96653861317284,656.4876437500003,656.4876437500003,0.0,0.048880761,200.91765785217285,199.24097000400002,199.232717645,156,147,743,218,1276,,,,,
vf,mssp8-n120-d16-v020-p40-m13-02,44.223451843275754,683.3001000000004,683.3001000000004,0.0,0.034618845,44.18883299827576,43.352479856,43.350089326,51,44,224,218,1312,,,,,
vf,mssp8-n120-d16-v020-p40-m13-03,148.3501982970277,881.5769089041111,881.5769089041111,0.0,0.186828403,148.1633698940277,147.51919600999997,147.5129701,128,118,161,218,1301,,,,,
vf,mssp8-n120-d16-v020-p40-m13-04,420.33984363310793,765.387026315789,765.4154846153846,3.7181580843631305e-5,0.060034635,420.2798089981079,417.16764789200016,417.151447949,304,288,1430,218,1277,,,,,
vf,mssp8-n120-d16-v020-p40-m13-05,173.41283917654846,789.9501500000002,789.9501500000002,0.0,0.07464123,173.33819794654846,171.98058369100005,171.97225581600006,161,149,465,218,1264,,,,,
vf,mssp8-n120-d16-v020-p40-m13-06,391.34565841865856,751.8001000000005,751.8001000000005,0.0,0.049937603,391.29572081565857,389.4106406760002,389.39538458600015,289,275,789,218,1304,,,,,
vf,mssp8-n120-d16-v020-p40-m13-07,192.1939092935166,711.6001000000001,711.6001000000001,0.0,0.078070289,192.1158390045166,191.01465136699994,191.0032727399999,210,200,388,218,1322,,,,,
vf,mssp8-n120-d16-v020-p40-m13-08,390.8402300581608,701.8000999999999,701.8000999999999,0.0,0.041600059,390.79862999916077,388.8941518969999,388.87600041699994,329,311,790,218,1268,,,,,
vf,mssp8-n120-d16-v020-p40-m13-09,238.83780088475172,788.7090910714292,788.7090910714292,0.0,0.052280808,238.7855200767517,237.60308324799996,237.59323135299985,172,164,461,218,1251,,,,,
vf,mssp8-n120-d16-v020-p40-m13-10,273.9503209282584,769.4557000000036,769.4557000000036,0.0,0.070353954,273.8799669742584,272.48378711599986,272.469941461,259,246,453,218,1257,,,,,
vf,mssp8-n120-d16-v060-p40-m13-01,111.06309916604968,1109.4000999999996,1109.4000999999996,0.0,0.007356187,111.05574297904968,110.38140691800001,110.37309794599999,188,180,94,218,1270,,,,,
vf,mssp8-n120-d16-v060-p40-m13-02,305.90911635147324,1204.859132478632,1204.859132478632,0.0,0.018567407,305.89054894447327,304.35317908599995,304.341637791,260,246,710,218,1274,,,,,
vf,mssp8-n120-d16-v060-p40-m13-03,116.35740215715259,1410.0560920903954,1410.0560920903954,0.0,0.077359032,116.28004312515259,115.61844015700005,115.61109568200003,157,147,166,218,1309,,,,,
vf,mssp8-n120-d16-v060-p40-m13-04,161.0586525155265,960.0000999999995,960.0000999999995,0.0,0.093296404,160.9653561115265,160.42390251100002,160.35375371900005,180,173,94,218,1287,,,,,
vf,mssp8-n120-d16-v060-p40-m13-05,211.296949670099,1079.6304363636373,1079.6501,1.821330309010488e-5,0.065668628,211.231281042099,209.64529450000012,209.6356675459999,214,202,790,218,1260,,,,,
vf,mssp8-n120-d16-v060-p40-m13-06,366.245214251222,1131.0446222222215,1131.0446222222215,0.0,0.106878308,366.13833594322205,364.6903328870002,364.6757640829999,313,298,631,218,1321,,,,,
vf,mssp8-n120-d16-v060-p40-m13-07,114.157101335104,1058.1001,1058.1001,0.0,0.042186441,114.114914894104,113.215009291,113.20684445800008,174,162,263,218,1310,,,,,
vf,mssp8-n120-d16-v060-p40-m13-08,89.6498255023949,1063.7001000000005,1063.7001000000005,0.0,0.105550457,89.5442750453949,88.73112713699997,88.72610605600002,119,109,142,218,1286,,,,,
vf,mssp8-n120-d16-v060-p40-m13-09,85.23206988932446,983.9906619047615,983.9906619047615,0.0,0.083404938,85.14866495132446,83.95455715799999,83.948664124,135,126,469,218,1287,,,,,
vf,mssp8-n120-d16-v060-p40-m13-10,138.14300204014037,1049.2001,1049.2001,0.0,0.052081115,138.09092092514038,137.45264525600004,137.44385525200005,198,188,133,218,1275,,,,,
vf,mssp8-n120-d16-v100-p10-m13-01,36.47073269645129,405.60010000000034,405.60010000000034,0.0,0.017478712,36.453253984451294,35.857781599000006,35.856811898,19,14,228,146,1166,,,,,
vf,mssp8-n120-d16-v100-p10-m13-02,30.72262279466809,341.6001000000002,341.6001000000002,0.0,0.084542913,30.63807988166809,29.786265215,29.785878586,11,5,493,146,1172,,,,,
vf,mssp8-n120-d16-v100-p10-m13-03,74.62351860726831,436.70010000000013,436.70010000000013,0.0,0.052237651,74.57128095626831,73.79594592100001,73.79448919,35,27,490,146,1184,,,,,
vf,mssp8-n120-d16-v100-p10-m13-04,48.4776690005614,431.10009999999977,431.10009999999977,0.0,0.033689022,48.4439799785614,47.718768772,47.717849105,23,16,439,146,1183,,,,,
vf,mssp8-n120-d16-v100-p10-m13-05,41.76017225461853,548.7001,548.7001,0.0,0.080397255,41.67977499961853,41.129824631999995,41.128788373,27,20,235,146,1142,,,,,
vf,mssp8-n120-d16-v100-p10-m13-06,204.22823656312195,550.3001000000003,550.3001000000003,0.0,0.05554641,204.17269015312195,203.483404468,203.48170844099997,38,30,313,146,1153,,,,,
vf,mssp8-n120-d16-v100-p10-m13-07,52.205353423685544,627.9001999999998,627.9001999999998,0.0,0.065266296,52.14008712768555,51.378486384000006,51.37722219,34,28,441,146,1128,,,,,
vf,mssp8-n120-d16-v100-p10-m13-08,81.67420505571972,619.4001000000001,619.4001000000001,0.0,0.019028893,81.65517616271973,81.13354033200002,81.13140592000002,51,44,192,146,1143,,,,,
vf,mssp8-n120-d16-v100-p10-m13-09,54.09040778451233,320.90009999999984,320.90009999999984,0.0,0.064589675,54.02581810951233,53.032528557,53.03126052900001,31,24,552,146,1201,,,,,
vf,mssp8-n120-d16-v100-p10-m13-10,101.92367030953747,552.8000999999999,552.8000999999999,0.0,0.077557343,101.84611296653748,101.08450228,101.082626517,47,35,232,146,1178,,,,,
vf,mssp8-n120-d16-v100-p25-m13-01,222.37123465558582,982.6001500000008,982.6001500000008,0.0,0.006041527,222.36519312858582,221.28752200800002,221.28463858199999,83,73,437,182,1270,,,,,
vf,mssp8-n120-d16-v100-p25-m13-02,275.4072061053988,1369.0858892857145,1369.0858892857145,0.0,0.028115081,275.3790910243988,274.83893689499996,274.8341369159999,141,128,146,182,1198,,,,,
vf,mssp8-n120-d16-v100-p25-m13-03,488.7565475908075,1177.6551650000004,1177.6551650000004,0.0,0.05705156,488.6994960308075,487.76914906399975,487.7611065420001,206,190,350,182,1234,,,,,
vf,mssp8-n120-d16-v100-p25-m13-04,145.5042126831721,1292.7002000000011,1292.7002000000011,0.0,0.036417788,145.46779489517212,145.09648868100004,145.09321835800003,96,87,37,182,1231,,,,,
vf,mssp8-n120-d16-v100-p25-m13-05,269.9069659166971,1152.500199999999,1152.500199999999,0.0,0.061040824,269.84592509269714,269.33509316699997,269.33202476900004,86,77,109,182,1320,,,,,
vf,mssp8-n120-d16-v100-p25-m13-06,164.2649672240321,1177.2001000000002,1177.2001000000002,0.0,0.052810213,164.2121570110321,163.55609200599997,163.552971085,80,71,116,182,1209,,,,,
vf,mssp8-n120-d16-v100-p25-m13-07,540.7719570429914,1038.3439374999994,1038.3439374999994,0.0,0.045748833,540.7262082099915,539.2129582670002,539.204349238,228,215,1077,182,1216,,,,,
vf,mssp8-n120-d16-v100-p25-m13-08,143.65223491242102,1204.3796076923068,1204.3796076923068,0.0,0.064800859,143.58743405342102,143.06087970899998,143.057843508,80,73,94,182,1247,,,,,
vf,mssp8-n120-d16-v100-p25-m13-09,122.59182035996558,1262.0001999999986,1262.0001999999986,0.0,0.061551214,122.53026914596558,122.14149489999998,122.13868160000001,93,86,39,182,1236,,,,,
vf,mssp8-n120-d16-v100-p25-m13-10,208.92140399625194,1216.6001,1216.6001,0.0,0.107999913,208.81340408325195,208.13903296900003,208.135008681,103,94,216,182,1230,,,,,
vf,mssp8-n120-d16-v100-p40-m10-01,153.00409897144934,670.8335000000006,670.8335000000006,0.0,0.006338914,152.99776005744934,146.89612896000006,146.88926836399995,167,154,2625,218,1273,,,,,
vf,mssp8-n120-d16-v100-p40-m10-02,76.4486393107323,644.6668000000006,644.6668000000006,0.0,0.056167282,76.3924720287323,74.33556530199999,74.33209657200003,86,78,1144,218,1257,,,,,
vf,mssp8-n120-d16-v100-p40-m10-03,159.66182038551904,432.5001500000001,432.5001500000001,0.0,0.048391316,159.61342906951904,155.39976369799993,155.395518011,106,95,3164,218,1255,,,,,
vf,mssp8-n120-d16-v100-p40-m10-04,182.42502695593885,639.5001499999998,639.5001499999998,0.0,0.059872928,182.36515402793884,173.134349065,173.12516045799998,227,210,4523,218,1299,,,,,
vf,mssp8-n120-d16-v100-p40-m10-05,450.95521738450014,351.0001,351.0001,0.0,0.052115225,450.9031021595001,440.37109102099987,440.3646653429999,142,127,6829,218,1255,,,,,
vf,mssp8-n120-d16-v100-p40-m10-06,128.46064439890296,408.0001,408.0001,0.0,0.046978389,128.41366600990295,124.37767212099995,124.373112163,103,92,2744,218,1352,,,,,
vf,mssp8-n120-d16-v100-p40-m10-07,197.70438342038807,583.0002000000006,583.0002000000006,0.0,0.032657432,197.67172598838806,189.30992443299996,189.3036272020001,151,139,4407,218,1283,,,,,
vf,mssp8-n120-d16-v100-p40-m10-08,294.1812580406383,595.5001374999995,595.5001374999995,0.0,0.054401952,294.1268560886383,287.371983902,287.3620421400001,218,203,4277,218,1310,,,,,
vf,mssp8-n120-d16-v100-p40-m10-09,228.19102497196874,666.2001600000007,666.2001600000007,0.0,0.027755929,228.16326904296875,221.51779220900013,221.50693212300013,253,237,3224,218,1295,,,,,
vf,mssp8-n120-d16-v100-p40-m10-10,231.21320366583336,571.0001,571.0001,0.0,0.040424821,231.17277884483337,223.3533604620001,223.34422536,205,190,3657,218,1284,,,,,
vf,mssp8-n120-d16-v100-p40-m13-01,56.09203244299072,1539.0056520547957,1539.0056520547957,0.0,0.00709344,56.08493900299072,55.55836402000002,55.55443407899999,87,80,111,218,1287,,,,,
vf,mssp8-n120-d16-v100-p40-m13-02,152.04060383133583,1245.2626625000007,1245.2626625000007,0.0,0.045039609,151.99556422233582,151.16038023400012,151.15135745900005,199,186,308,218,1228,,,,,
vf,mssp8-n120-d16-v100-p40-m13-03,62.04245686548279,1364.6763571428585,1364.6763571428585,0.0,0.043923855,61.99853301048279,61.325198797999974,61.32090830100001,100,91,213,218,1295,,,,,
vf,mssp8-n120-d16-v100-p40-m13-04,188.41590887699914,1416.3429952380939,1416.3429952380939,0.0,0.039381806,188.37652707099915,187.23159551800015,187.22013748299995,258,245,457,218,1321,,,,,
vf,mssp8-n120-d16-v100-p40-m13-05,141.58106649269544,1158.1001,1158.1001,0.0,0.064118508,141.51694798469543,140.61267607199997,140.59939137800012,284,273,312,218,1269,,,,,
vf,mssp8-n120-d16-v100-p40-m13-06,18.47149035014221,1318.4001000000003,1318.4001000000003,0.0,0.049857345,18.421633005142212,18.011613476999997,18.009217727,56,48,49,218,1289,,,,,
vf,mssp8-n120-d16-v100-p40-m13-07,106.68208756450794,1389.0001000000002,1389.0001000000002,0.0,0.050759697,106.63132786750793,106.05972318799996,105.97302963199999,214,206,66,218,1270,,,,,
vf,mssp8-n120-d16-v100-p40-m13-08,38.2878999891355,1305.5000999999997,1305.5000999999997,0.0,0.016377944,38.2715220451355,37.37103528,37.368377127,62,57,124,218,1342,,,,,
vf,mssp8-n120-d16-v100-p40-m13-09,80.76404118837634,1479.4001000000005,1479.4001000000005,0.0,0.018638137,80.74540305137634,80.35509154899998,80.35000926000004,118,111,71,218,1275,,,,,
vf,mssp8-n120-d16-v100-p40-m13-10,130.3915725675144,1400.400199999999,1400.400199999999,0.0,0.049150559,130.3424220085144,129.50550399999997,129.4934527030001,287,275,304,218,1287,,,,,
vf,mssp8-n120-d16-v100-p40-m16-01,157.84690958761803,1941.400200000002,1941.400200000002,0.0,0.006105726,157.84080386161804,157.32259589400002,157.311699725,248,237,61,218,1316,,,,,
vf,mssp8-n120-d16-v100-p40-m16-02,105.28158628331323,2029.1001499999993,2029.1001499999993,0.0,0.052304381,105.22928190231323,104.57363228900002,104.56276492599987,244,233,110,218,1277,,,,,
vf,mssp8-n120-d16-v100-p40-m16-03,49.84736571655786,1945.190164999999,1945.190164999999,0.0,0.027918676,49.81944704055786,49.35578191800001,49.35198156699999,94,87,64,218,1270,,,,,
vf,mssp8-n120-d16-v100-p40-m16-04,53.944439057773316,2383.2834999999986,2383.2834999999986,0.0,0.056907062,53.887531995773315,53.545136926999994,53.53975171199999,133,127,19,218,1284,,,,,
vf,mssp8-n120-d16-v100-p40-m16-05,40.3361111565105,2255.7334666666684,2255.7334666666684,0.0,0.049208252,40.2869029045105,39.965147349999995,39.961649386000005,94,89,15,218,1333,,,,,
vf,mssp8-n120-d16-v100-p40-m16-06,71.85700014793628,2403.000149999998,2403.000149999998,0.0,0.039999282,71.81700086593628,71.340251904,71.33394960899999,159,150,55,218,1294,,,,,
vf,mssp8-n120-d16-v100-p40-m16-07,73.21958428793714,2428.4001000000003,2428.4001000000003,0.0,0.040829243,73.17875504493713,72.78201748400001,72.77371488600001,185,178,11,218,1280,,,,,
vf,mssp8-n120-d16-v100-p40-m16-08,128.18628437302795,2204.3501750000005,2204.3501750000005,0.0,0.050694535,128.13558983802795,127.64345769599998,127.63415518000004,211,198,104,218,1287,,,,,
vf,mssp8-n120-d16-v100-p40-m16-09,59.637538611122196,2330.900170000001,2330.900170000001,0.0,0.008253514,59.62928509712219,59.22305998199999,59.21779615099998,131,123,28,218,1266,,,,,
vf,mssp8-n120-d16-v100-p40-m16-10,72.24710078564233,2431.666833333329,2431.666833333329,0.0,0.051271871,72.19582891464233,71.843098468,71.83863952899999,108,100,30,218,1306,,,,,
vf,mssp8-n120-d16-v100-p40-m20-01,62.21816853811109,3415.5001666666694,3415.5001666666694,0.0,0.006531518,62.211637020111084,61.90672671299999,61.90152155199999,102,96,11,218,1296,,,,,
vf,mssp8-n120-d16-v100-p40-m20-02,63.74311416117334,3604.0001,3604.0001,0.0,0.062657046,63.68045711517334,63.453130731999984,63.439887542000015,255,251,1,218,1296,,,,,
vf,mssp8-n120-d16-v100-p40-m20-03,51.53431940497034,3148.0461986371383,3148.0461986371383,0.0,0.061386351,51.47293305397034,51.15878679900001,51.152511235000006,122,111,38,218,1258,,,,,
vf,mssp8-n120-d16-v100-p40-m20-04,79.76194288269885,3784.6445977777776,3784.6445977777776,0.0,0.028446932,79.73349595069885,79.481169091,79.47314864899998,159,150,13,218,1277,,,,,
vf,mssp8-n120-d16-v100-p40-m20-05,77.7427211176643,3597.0001,3597.0001,0.0,0.060769118,77.6819519996643,77.41109531700003,77.40459185700001,126,121,9,218,1231,,,,,
vf,mssp8-n120-d16-v100-p40-m20-06,82.28524846086975,3574.0001000000007,3574.0001000000007,0.0,0.042713585,82.24253487586975,81.93071560800001,81.92106741900001,171,165,7,218,1247,,,,,
vf,mssp8-n120-d16-v100-p40-m20-07,64.32420487182813,3263.0001,3263.0001,0.0,0.042436073,64.28176879882812,64.02070963199999,64.010581595,188,181,9,218,1296,,,,,
vf,mssp8-n120-d16-v100-p40-m20-08,52.24518004795508,3277.0001,3277.0001,0.0,0.077009119,52.16817092895508,51.892310551,51.885417421,136,129,7,218,1253,,,,,
vf,mssp8-n120-d16-v100-p40-m20-09,80.0722453541908,2854.0001,2854.0001,0.0,0.051890368,80.0203549861908,79.69400281599998,79.68431667,174,168,13,218,1340,,,,,
vf,mssp8-n120-d16-v100-p40-m20-10,84.41214444827588,3219.0001,3219.0001,0.0,0.114154603,84.29798984527588,83.88732129099995,83.86871467099999,342,335,9,218,1285,,,,,
vf,mssp8-n120-d16-v100-p55-m13-01,56.534281212647706,1697.1124387755103,1697.1124387755103,0.0,0.006254155,56.528027057647705,54.01532550299998,53.99973234000002,316,306,1067,254,1331,,,,,
vf,mssp8-n120-d16-v100-p55-m13-02,47.62540378693066,1594.900145454545,1594.900145454545,0.0,0.093289758,47.532114028930664,46.47280786900001,46.46349923000001,180,170,402,254,1349,,,,,
vf,mssp8-n120-d16-v100-p55-m13-03,49.549435904860474,1715.7001599999994,1715.7001599999994,0.0,0.108680776,49.440755128860474,48.45257607899999,48.44106532,238,227,283,254,1313,,,,,
vf,mssp8-n120-d16-v100-p55-m13-04,33.24713535051074,1622.9001999999978,1622.9001999999978,0.0,0.030981252,33.21615409851074,32.25839422299999,32.25334580099998,104,97,301,254,1383,,,,,
vf,mssp8-n120-d16-v100-p55-m13-05,59.6471472386991,1581.9001999999987,1581.9001999999987,0.0,0.066431344,59.5807158946991,57.685586243,57.666547251000004,389,376,884,254,1373,,,,,
vf,mssp8-n120-d16-v100-p55-m13-06,80.49399997610925,1685.2668333333343,1685.2668333333343,0.0,0.077918786,80.41608119010925,78.90902225699995,78.88627355899997,466,454,539,254,1342,,,,,
vf,mssp8-n120-d16-v100-p55-m13-07,116.36593773445776,1556.2001,1556.2001,0.0,0.060964609,116.30497312545776,114.46565413499994,114.44348647900007,418,401,740,254,1350,,,,,
vf,mssp8-n120-d16-v100-p55-m13-08,48.794533593602054,1522.5573214285716,1522.5573214285716,0.0,0.048198564,48.74633502960205,47.568041197000014,47.554562579999995,271,257,381,254,1356,,,,,
vf,mssp8-n120-d16-v100-p55-m13-09,54.58970888873364,1568.950150000001,1568.950150000001,0.0,0.031667793,54.55804109573364,53.03006152500002,53.01833418800005,245,235,528,254,1370,,,,,
vf,mssp8-n120-d16-v100-p55-m13-10,26.91663385048999,1669.9501916666666,1669.9501916666666,0.0,0.024721867,26.89191198348999,25.85264486200001,25.845248345999995,152,146,310,254,1320,,,,,
vf,mssp8-n120-d16-v100-p70-m13-01,31.317571289184325,2045.8175847826085,2045.8175847826085,0.0,0.006357319,31.311213970184326,28.953882199000013,28.942012068999993,343,330,1181,290,1401,,,,,
vf,mssp8-n120-d16-v100-p70-m13-02,46.318498277360106,1879.900100000001,1879.900100000001,0.0,0.067518377,46.25097990036011,44.129577901000005,44.10810722300001,634,617,588,290,1387,,,,,
vf,mssp8-n120-d16-v100-p70-m13-03,37.83046042376941,1953.8001,1953.8001,0.0,0.043369407,37.78709101676941,35.648162390999964,35.63333374899998,422,410,850,290,1429,,,,,
vf,mssp8-n120-d16-v100-p70-m13-04,39.5548653443739,1873.7835333333328,1873.7835333333328,0.0,0.070724233,39.4841411113739,36.263254255000014,36.24538907000002,586,570,1692,290,1384,,,,,
vf,mssp8-n120-d16-v100-p70-m13-05,15.185446685145873,1943.700200000001,1943.700200000001,0.0,0.073092645,15.112354040145874,13.779079474999998,13.771996474999995,228,218,424,290,1410,,,,,
vf,mssp8-n120-d16-v100-p70-m13-06,28.556546817056763,1880.6001,1880.6001,0.0,0.064237962,28.492308855056763,27.05993092900001,27.045753623000007,405,393,366,290,1390,,,,,
vf,mssp8-n120-d16-v100-p70-m13-07,31.46425738720276,2244.2095156250016,2244.2095156250016,0.0,0.059031395,31.40522599220276,29.874131176999988,29.860062149000033,453,440,516,290,1396,,,,,
vf,mssp8-n120-d16-v100-p70-m13-08,13.717546237089723,2149.200100000001,2149.200100000001,0.0,0.041951192,13.675595045089722,12.476218080999994,12.470304612,147,137,369,290,1369,,,,,
vf,mssp8-n120-d16-v100-p70-m13-09,30.524355959634764,1991.6751499999987,1991.6751499999987,0.0,0.068907809,30.455448150634766,28.33222428599998,28.316135449999994,394,384,762,290,1388,,,,,
vf,mssp8-n120-d16-v100-p70-m13-10,39.406265654729495,2038.1002000000003,2038.1002000000003,0.0,0.047838607,39.35842704772949,36.566484669000005,36.54256862200002,681,668,1081,290,1410,,,,,
vf,mssp8-n120-d16-v140-p40-m13-01,67.49013302760156,1606.6001000000003,1606.6001000000003,0.0,0.018316011,67.47181701660156,66.97538332500004,66.96463881999996,218,209,119,218,1200,,,,,
vf,mssp8-n120-d16-v140-p40-m13-02,126.436049713396,1697.9335333333324,1697.9335333333324,0.0,0.11053492,126.325514793396,125.14912755399999,125.14047513000001,176,166,380,218,1280,,,,,
vf,mssp8-n120-d16-v140-p40-m13-03,86.67878471646692,1649.5601880000008,1649.5601880000008,0.0,0.056188691,86.62259602546692,85.75954299699998,85.748921407,223,209,195,218,1281,,,,,
vf,mssp8-n120-d16-v140-p40-m13-04,74.73713419547376,1797.7000999999993,1797.7000999999993,0.0,0.074020363,74.66311383247375,74.00482265600002,74.000034316,105,95,51,218,1288,,,,,
vf,mssp8-n120-d16-v140-p40-m13-05,158.09796950719274,1654.8501499999998,1654.8501499999998,0.0,0.075245594,158.02272391319275,156.9743223460001,156.95968798800007,280,270,388,218,1267,,,,,
vf,mssp8-n120-d16-v140-p40-m13-06,34.07635323016419,1686.7000999999998,1686.7000999999998,0.0,0.04359714,34.032756090164185,33.664275161,33.66083220600001,68,61,35,218,1287,,,,,
vf,mssp8-n120-d16-v140-p40-m13-07,85.04724071834839,1663.4001000000012,1663.4001000000012,0.0,0.144458755,84.90278196334839,84.11726014699997,84.110455119,145,136,236,218,1301,,,,,
vf,mssp8-n120-d16-v140-p40-m13-08,131.64240628219372,1542.4002000000012,1542.4002000000012,0.0,0.084318218,131.55808806419373,130.832041544,130.82405591,156,146,182,218,1327,,,,,
vf,mssp8-n120-d16-v140-p40-m13-09,223.36019028525598,1846.6001499999986,1846.6001499999986,0.0,0.053985251,223.30620503425598,222.54689513300008,222.5324572130001,268,256,161,218,1242,,,,,
vf,mssp8-n120-d16-v140-p40-m13-10,169.71639761682323,1854.0860847058825,1854.0860847058825,0.0,0.048949573,169.66744804382324,168.7410985740001,168.72814925400002,259,247,320,218,1282,,,,,
vf,mssp8-n120-d16-v180-p40-m13-01,25.52025544062207,2373.3001,2373.3001,0.0,0.010869378,25.50938606262207,25.18248057,25.17984659099999,62,57,15,218,1253,,,,,
vf,mssp8-n120-d16-v180-p40-m13-02,45.62950017122339,1947.5001,1947.5001,0.0,0.075595161,45.55390501022339,45.101343547999996,45.09872797699998,64,57,43,218,1280,,,,,
vf,mssp8-n120-d16-v180-p40-m13-03,55.6355248119071,1895.6002,1895.6002,0.0,0.084744754,55.550780057907104,54.72533740800002,54.719593423999996,159,150,362,218,1315,,,,,
vf,mssp8-n120-d16-v180-p40-m13-04,68.9567205004734,1705.7000999999998,1705.7000999999998,0.0,0.033186584,68.92353391647339,68.28769207,68.279894656,208,201,185,218,1307,,,,,
vf,mssp8-n120-d16-v180-p40-m13-05,80.76345302286829,1882.8751250000032,1882.8751250000032,0.0,0.030019061,80.73343396186829,80.13121883600002,80.124622778,158,148,143,218,1319,,,,,
vf,mssp8-n120-d16-v180-p40-m13-06,114.3509944709856,2261.740179999999,2261.740179999999,0.0,0.092830542,114.2581639289856,113.589547459,113.57817394900005,270,261,187,218,1273,,,,,
vf,mssp8-n120-d16-v180-p40-m13-07,102.00271096742871,1688.7000999999998,1688.7000999999998,0.0,0.059879928,101.94283103942871,101.00914453200005,100.99866856799994,256,241,406,218,1261,,,,,
vf,mssp8-n120-d16-v180-p40-m13-08,60.67221291098389,2267.0001000000007,2267.0001000000007,0.0,0.053572965,60.61863994598389,60.11482146800002,60.111340040000016,86,79,59,218,1278,,,,,
vf,mssp8-n120-d16-v180-p40-m13-09,83.71705205163208,1837.5002500000007,1837.5002500000007,0.0,0.07516391,83.64188814163208,81.68998010899998,81.684013928,141,131,1104,218,1290,,,,,
vf,mssp8-n120-d16-v180-p40-m13-10,63.737910841811036,1980.250149999999,1980.250149999999,0.0,0.083803748,63.654107093811035,62.99076211300002,62.98537519600001,143,131,158,218,1308,,,,,
vf,mssp8-n120-d20-v100-p40-m13-01,77.40466880538611,1183.8001,1183.8001,0.0,0.018514869,77.38615393638611,76.44208178600002,76.43799583,145,134,303,218,1524,,,,,
vf,mssp8-n120-d20-v100-p40-m13-02,131.19886196861353,1154.6002000000012,1154.6002000000012,0.0,0.092173946,131.10668802261353,129.974079039,129.96788670499998,222,208,348,218,1562,,,,,
vf,mssp8-n120-d20-v100-p40-m13-03,178.98083881004345,1315.6150680851076,1315.6150680851076,0.0,0.019438778,178.96140003204346,177.708879079,177.70160868599996,222,210,523,218,1510,,,,,
vf,mssp8-n120-d20-v100-p40-m13-04,125.15135732562524,1120.9000999999998,1120.9000999999998,0.0,0.038268241,125.11308908462524,124.23008222200001,124.22467695899998,200,189,264,218,1551,,,,,
vf,mssp8-n120-d20-v100-p40-m13-05,36.65066860539075,1185.5001000000002,1185.5001000000002,0.0,0.073585733,36.57708287239075,36.035408029,36.03330451300001,83,77,65,218,1583,,,,,
vf,mssp8-n120-d20-v100-p40-m13-06,85.59652353850488,1034.0001,1034.0001,0.0,0.065210596,85.53131294250488,84.68882389599996,84.68472270600002,103,95,251,218,1564,,,,,
vf,mssp8-n120-d20-v100-p40-m13-07,55.22840686567932,1146.7001,1146.7001,0.0,0.030318935,55.19808793067932,54.66017666600001,54.65536671800001,141,133,83,218,1533,,,,,
vf,mssp8-n120-d20-v100-p40-m13-08,81.63964802895288,1184.5001,1184.5001,0.0,0.041769096,81.59787893295288,80.82740504899998,80.82362732399996,136,128,171,218,1571,,,,,
vf,mssp8-n120-d20-v100-p40-m13-09,88.2362215469458,1344.3001,1344.3001,0.0,0.041705365,88.1945161819458,87.37960505199996,87.37590229399996,158,148,183,218,1595,,,,,
vf,mssp8-n120-d20-v100-p40-m13-10,43.467721432210695,1422.1502000000019,1422.1502000000019,0.0,0.10987851,43.35784292221069,42.67551656399999,42.672616479,73,67,129,218,1598,,,,,
vf,mssp8-n120-d24-v100-p40-m13-01,29.374873465706422,1090.3001333333355,1090.3001333333355,0.0,0.020137376,29.35473608970642,28.567260935999997,28.565036995000003,56,47,144,218,1915,,,,,
vf,mssp8-n120-d24-v100-p40-m13-02,83.75486449425195,951.5001000000002,951.5001000000002,0.0,0.052788536,83.70207595825195,82.36722385600002,82.36234794699999,127,114,502,218,1860,,,,,
vf,mssp8-n120-d24-v100-p40-m13-03,120.07006233209961,1071.400120000001,1071.4496703544585,4.624822559992923e-5,0.06057518,120.00948715209961,118.63851566199997,118.63005494299995,221,206,573,218,1891,,,,,
vf,mssp8-n120-d24-v100-p40-m13-04,93.36725476539637,1394.7751750000011,1394.7751750000011,0.0,0.018956931,93.34829783439636,92.75477957100001,92.74988793000001,127,115,116,218,1855,,,,,
vf,mssp8-n120-d24-v100-p40-m13-05,183.77756744566358,1039.0000999999997,1039.0000999999997,0.0,0.031806528,183.74576091766357,181.95448466199997,181.94510084399988,232,218,812,218,1905,,,,,
vf,mssp8-n120-d24-v100-p40-m13-06,108.25672215451672,897.0001,897.0001,0.0,0.012195053,108.24452710151672,107.08910460299997,107.08363770400005,135,123,361,218,1877,,,,,
vf,mssp8-n120-d24-v100-p40-m13-07,26.90809663531018,1215.1001,1215.1001,0.0,0.122579658,26.78551697731018,26.083586731999993,26.081075336999987,62,53,114,218,1788,,,,,
vf,mssp8-n120-d24-v100-p40-m13-08,89.96393167652613,1100.9001,1100.9001,0.0,0.021358606,89.94257307052612,89.16052036999996,89.15626771500001,109,99,193,218,1882,,,,,
vf,mssp8-n120-d24-v100-p40-m13-09,151.85714280182958,1086.7376875000014,1086.7376875000014,0.0,0.044788714,151.8123540878296,150.46867119599997,150.46152293,176,166,670,218,1811,,,,,
vf,mssp8-n120-d24-v100-p40-m13-10,251.82358645752612,1002.3001000000002,1002.3001000000002,0.0,0.195466512,251.62811994552612,249.861210976,249.8525052820001,210,194,649,218,1927,,,,,
vf,mssp8-n140-d08-v100-p40-m13-01,443.27306241960423,2213.568169999996,2213.568169999996,0.0,0.005263519,443.26779890060425,442.6976490520001,442.6887246199999,173,163,60,254,936,,,,,
vf,mssp8-n140-d08-v100-p40-m13-02,532.1848881947245,2052.4110682080927,2052.4110682080927,0.0,0.059704374,532.1251838207245,529.8831099769999,529.873170629,196,186,876,254,946,,,,,
vf,mssp8-n140-d08-v100-p40-m13-03,288.8348581966478,2519.2783509090905,2519.2783509090905,0.0,0.053143042,288.7817151546478,288.211197449,288.1999500419999,232,222,89,254,929,,,,,
vf,mssp8-n140-d08-v100-p40-m13-04,578.095155821728,2209.0775092436998,2209.0775092436998,0.0,0.029032813,578.066123008728,576.4712680309999,576.458968411,232,223,506,254,937,,,,,
vf,mssp8-n140-d08-v100-p40-m13-05,293.9684752087144,2349.314442857147,2349.314442857147,0.0,0.036122189,293.93235301971436,293.51797237899984,293.51041045900007,155,147,27,254,989,,,,,
vf,mssp8-n140-d08-v100-p40-m13-06,766.6009019932077,2391.765175495915,2391.765175495915,0.0,0.030573996,766.5703279972076,764.9350351189996,764.9207514439996,280,267,640,254,947,,,,,
vf,mssp8-n140-d08-v100-p40-m13-07,519.1600113644727,2528.416000000002,2528.416000000002,0.0,0.061340405,519.0986709594727,518.240909121,518.224130351,338,320,158,254,994,,,,,
vf,mssp8-n140-d08-v100-p40-m13-08,162.37360027291578,2183.200193030304,2183.200193030304,0.0,0.047293453,162.32630681991577,161.794336514,161.784256507,205,196,49,254,918,,,,,
vf,mssp8-n140-d08-v100-p40-m13-09,453.549296458401,2606.7441999999987,2606.7441999999987,0.0,0.021788438,453.527508020401,453.18768673899973,453.17611125199977,227,215,33,254,975,,,,,
vf,mssp8-n140-d08-v100-p40-m13-10,704.665904687716,2279.800250000003,2279.800250000003,0.0,0.031309532,704.6345951557159,703.6017645280002,703.5557398200003,284,271,347,254,962,,,,,
vf,mssp8-n140-d12-v100-p40-m13-01,406.25916410374094,1777.5065688,1777.5065688,0.0,0.007180938,406.25198316574097,403.7552514249998,403.7381086390001,370,354,828,254,1391,,,,,
vf,mssp8-n140-d12-v100-p40-m13-02,898.35457283305,2124.0715653000016,2124.0715653000016,0.0,0.059249938,898.29532289505,897.0766947959996,897.0633176739998,258,247,363,254,1298,,,,,
vf,mssp8-n140-d12-v100-p40-m13-03,426.24931430312967,1664.9001000000003,1664.9001000000003,0.0,0.035680289,426.21363401412964,425.0211034199998,425.006119892,316,304,283,254,1321,,,,,
vf,mssp8-n140-d12-v100-p40-m13-04,550.0361444882051,2052.8099646317187,2052.8099646317187,0.0,0.043266528,549.9928779602051,549.2639100810002,549.2023792589999,184,174,114,254,1259,,,,,
vf,mssp8-n140-d12-v100-p40-m13-05,467.8890839388904,1697.021608104576,1697.1028777777778,4.7889592456415736e-5,0.060370045,467.8287138938904,465.88695349599993,465.876248687,213,200,755,254,1286,,,,,
vf,mssp8-n140-d12-v100-p40-m13-06,365.15357625744593,1834.7530017934241,1834.7530017934241,0.0,0.059864166,365.0937120914459,362.6779788639997,362.66839479,195,183,919,254,1327,,,,,
vf,mssp8-n140-d12-v100-p40-m13-07,240.5247300400642,1383.2001000000002,1383.2001000000002,0.0,0.069166018,240.4555640220642,239.50755460300002,239.50151297999997,118,112,212,254,1451,,,,,
vf,mssp8-n140-d12-v100-p40-m13-08,263.9160160530603,1766.2001000000005,1766.2001000000005,0.0,0.047221135,263.8687949180603,262.91417317400004,262.90815864699994,132,126,208,254,1363,,,,,
vf,mssp8-n140-d12-v100-p40-m13-09,1398.96819797314,2085.5001999999986,2085.5001999999986,0.0,0.056091936,1398.91210603714,1397.9342704930002,1397.916449962,330,316,225,254,1395,,,,,
vf,mssp8-n140-d12-v100-p40-m13-10,1038.3211253089462,1871.2928426829249,1871.2928426829249,0.0,0.060857336,1038.2602679729462,1036.547934146001,1036.525197824,433,421,445,254,1335,,,,,
vf,mssp8-n140-d16-v020-p40-m13-01,733.443960480962,807.8002000000008,807.8002000000008,0.0,0.008927398,733.435033082962,729.7792288060004,729.7083162080002,153,145,1152,254,1708,,,,,
vf,mssp8-n140-d16-v020-p40-m13-02,1501.0680142180292,909.9050704918035,909.9050704918035,0.0,0.030527188,1501.0374870300293,1498.6357035140006,1498.6175135620003,305,295,649,254,1664,,,,,
vf,mssp8-n140-d16-v020-p40-m13-03,1600.8643406074832,896.8668666666665,896.8668666666665,0.0,0.032477681,1600.8318629264832,1597.064793262999,1597.0434468749995,337,325,1220,254,1722,,,,,
vf,mssp8-n140-d16-v020-p40-m13-04,595.8809052614422,1032.5957739130429,1032.5957739130429,0.0,0.137852302,595.7430529594421,594.207345252,594.1999771250001,125,117,364,254,1752,,,,,
vf,mssp8-n140-d16-v020-p40-m13-05,2041.4062379580128,766.6236980769226,766.6236980769226,0.0,0.099065898,2041.3071720600128,2033.0520810009987,2033.0255417899994,468,453,2240,254,1628,,,,,
vf,mssp8-n140-d16-v020-p40-m13-06,891.5836842229359,706.9001,706.9001,0.0,0.068763273,891.5149209499359,884.9923446539998,884.9801400780003,210,199,1930,254,1723,,,,,
vf,mssp8-n140-d16-v020-p40-m13-07,764.1141501006828,768.5001000000001,768.5001000000001,0.0,0.056936079,764.0572140216827,761.2155221479996,761.2069914649999,147,141,957,254,1695,,,,,
vf,mssp8-n140-d16-v020-p40-m13-08,1182.3060474661443,780.2001,780.2001,0.0,0.083217409,1182.2228300571442,1178.9034591019997,1178.8914351000008,218,206,1017,254,1700,,,,,
vf,mssp8-n140-d16-v020-p40-m13-09,1567.7424858423285,834.1751250000009,834.1751250000009,0.0,0.019206843,1567.7232789993286,1558.37283682,1558.3582496719987,276,263,2472,254,1645,,,,,
vf,mssp8-n140-d16-v020-p40-m13-10,1145.0251108750153,932.4001000000001,932.4001000000001,0.0,0.097301875,1144.9278090000153,1140.5716318459997,1140.561451628,187,174,1775,254,1694,,,,,
vf,mssp8-n140-d16-v060-p40-m13-01,834.7238347878199,980.2001000000002,980.2001000000002,0.0,0.009480988,834.71435379982,831.1552639030003,831.1457474890002,211,201,1299,254,1725,,,,,
vf,mssp8-n140-d16-v060-p40-m13-02,462.2770860578479,1217.9497348773843,1217.9497348773843,0.0,0.046283045,462.2308030128479,460.1450061080001,460.139436453,127,117,643,254,1661,,,,,
vf,mssp8-n140-d16-v060-p40-m13-03,798.7363045489094,1085.6000999999999,1085.6000999999999,0.0,0.050997523,798.6853070259094,795.5053712620004,795.490324964,305,294,1045,254,1731,,,,,
vf,mssp8-n140-d16-v060-p40-m13-04,1137.3095261275132,1051.0002000000013,1051.0002000000013,0.0,0.064750117,1137.2447760105133,1132.2825855179997,1132.2659429200007,367,352,1698,254,1720,,,,,
vf,mssp8-n140-d16-v060-p40-m13-05,737.9145731722734,1092.1002000000012,1092.1002000000012,0.0,0.063392142,737.8511810302734,735.18568688,735.1776166079998,194,182,789,254,1751,,,,,
vf,mssp8-n140-d16-v060-p40-m13-06,443.4887331172057,1262.7555246153865,1262.7555246153865,0.0,0.125852172,443.3628809452057,441.7413564250001,441.73540040200004,154,145,403,254,1756,,,,,
vf,mssp8-n140-d16-v060-p40-m13-07,589.2256533336044,981.8001000000002,981.8001000000002,0.0,0.046181364,589.1794719696045,583.2555428589998,583.2413393380001,379,366,1445,254,1649,,,,,
vf,mssp8-n140-d16-v060-p40-m13-08,883.0217704519706,1008.3001000000002,1008.3001000000002,0.0,0.076617454,882.9451529979706,880.5226044669996,880.513835966,199,188,811,254,1726,,,,,
vf,mssp8-n140-d16-v060-p40-m13-09,365.79079161775513,1140.5001999999995,1140.5001999999995,0.0,0.0719267,365.7188649177551,364.1745263589999,364.16869263,150,140,318,254,1738,,,,,
vf,mssp8-n140-d16-v060-p40-m13-10,383.4652997836063,1189.7002000000007,1189.7002000000007,0.0,0.048865734,383.4164340496063,378.1122165949999,378.106752625,141,133,2086,254,1711,,,,,
vf,mssp8-n140-d16-v100-p10-m13-01,564.7433912658439,616.0001000000001,616.0001000000001,0.0,0.007342329,564.7360489368439,563.4617401379999,563.45997085,41,32,399,170,1577,,,,,
vf,mssp8-n140-d16-v100-p10-m13-02,1064.3009937848565,676.4002000000004,676.4002000000004,0.0,0.042492732,1064.2585010528564,1062.448636125,1062.4448954299999,71,58,851,170,1632,,,,,
vf,mssp8-n140-d16-v100-p10-m13-03,510.5557171435193,657.7001500000019,657.7001500000019,0.0,0.097021255,510.4586958885193,509.2972956,509.295689264,36,27,445,170,1654,,,,,
vf,mssp8-n140-d16-v100-p10-m13-04,183.52298665995556,521.0000999999997,521.0000999999997,0.0,0.051000843,183.47198581695557,182.270845017,182.26992455799999,21,16,472,170,1669,,,,,
vf,mssp8-n140-d16-v100-p10-m13-05,518.8330409106758,576.9002000000012,576.9002000000012,0.0,0.087610918,518.7454299926758,516.333030117,516.330822048,48,40,1141,170,1571,,,,,
vf,mssp8-n140-d16-v100-p10-m13-06,213.88669667462463,585.9001999999991,585.9001999999991,0.0,0.038141825,213.84855484962463,212.857595641,212.856497217,26,18,377,170,1627,,,,,
vf,mssp8-n140-d16-v100-p10-m13-07,571.2734418365105,574.8001000000002,574.8001000000002,0.0,0.064663932,571.2087779045105,569.2223196550001,569.220212075,43,38,824,170,1575,,,,,
vf,mssp8-n140-d16-v100-p10-m13-08,936.7617441709285,553.8001999999997,553.8001999999997,0.0,0.053828388,936.7079157829285,933.1933576999998,933.1898110470001,71,62,1848,170,1653,,,,,
vf,mssp8-n140-d16-v100-p10-m13-09,485.4449574369559,599.2000999999998,599.2000999999998,0.0,0.040032329,485.40492510795593,484.12990882200006,484.12815329699987,39,31,462,170,1563,,,,,
vf,mssp8-n140-d16-v100-p10-m13-10,493.30371309056056,681.2001,681.2001,0.0,0.032034166,493.27167892456055,491.736900849,491.7349105299999,45,35,727,170,1595,,,,,
vf,mssp8-n140-d16-v100-p25-m13-01,939.1139920016682,1499.8731270270277,1499.8731270270277,0.0,0.019099023,939.0948929786682,938.365862198,938.3601168619999,108,97,144,212,1675,,,,,
vf,mssp8-n140-d16-v100-p25-m13-02,702.0312317846996,1086.606387499999,1086.606387499999,0.0,0.066622877,701.9646089076996,699.45829577,699.4536214889999,86,77,942,212,1664,,,,,
vf,mssp8-n140-d16-v100-p25-m13-03,825.7517492979194,1144.529759259258,1144.529759259258,0.0,0.074565193,825.6771841049194,824.2547049529999,824.2500201569998,89,81,364,212,1698,,,,,
vf,mssp8-n140-d16-v100-p25-m13-04,523.0609845063552,1276.9001000000003,1276.9001000000003,0.0,0.113778486,522.9472060203552,521.9612450520001,521.9574540180001,83,76,115,212,1693,,,,,
vf,mssp8-n140-d16-v100-p25-m13-05,1240.3811322252677,1531.9421709677408,1531.9421709677408,0.0,0.174213032,1240.2069191932678,1237.5027271329996,1237.49619631,137,131,1146,212,1626,,,,,
vf,mssp8-n140-d16-v100-p25-m13-06,469.89064202951914,1146.900200000002,1146.900200000002,0.0,0.070399863,469.82024216651917,468.5785444939999,468.57482385900005,83,75,290,212,1678,,,,,
vf,mssp8-n140-d16-v100-p25-m13-07,926.0600188378905,1245.1751500000005,1245.1751500000005,0.0,0.057694972,926.0023238658905,924.9429794670001,924.938142251,110,100,254,212,1643,,,,,
vf,mssp8-n140-d16-v100-p25-m13-08,195.4106645265343,1168.4001,1168.4001,0.0,0.105754582,195.3049099445343,194.79239921499996,194.78886563199995,73,67,37,212,1647,,,,,
vf,mssp8-n140-d16-v100-p25-m13-09,946.5758536471706,1360.9322821428568,1360.9322821428568,0.0,0.056394638,946.5194590091705,945.296935453,945.2922108719997,107,100,268,212,1626,,,,,
vf,mssp8-n140-d16-v100-p25-m13-10,1325.6018844624014,1401.9501249999998,1401.9501249999998,0.0,0.084578373,1325.5173060894012,1324.3235275719999,1324.318741387,96,86,340,212,1680,,,,,
vf,mssp8-n140-d16-v100-p40-m10-01,959.8519209554249,722.0002000000011,722.0674676012469,9.316839696971937e-5,0.007795923,959.8441250324249,941.940505211,941.9291417980004,231,212,8146,254,1752,,,,,
vf,mssp8-n140-d16-v100-p40-m10-02,1016.2283410535832,893.6668333333334,893.6668333333334,0.0,0.067551087,1016.1607899665833,991.1912228189997,991.1700578190006,455,440,11348,254,1753,,,,,
vf,mssp8-n140-d16-v100-p40-m10-03,524.7987795993424,744.0001000000011,744.0556555555557,7.467143560146476e-5,0.031792514,524.7669870853424,508.0030742029999,507.98994899000024,275,259,7690,254,1656,,,,,
vf,mssp8-n140-d16-v100-p40-m10-04,815.376383513173,700.9049000000009,700.9112111111118,9.004233114797397e-6,0.031209439,815.345174074173,798.5532493750001,798.5428074679998,220,209,8743,254,1782,,,,,
vf,mssp8-n140-d16-v100-p40-m10-05,1722.8164730919398,686.5001500000002,686.5001500000002,0.0,0.060486163,1722.7559869289398,1691.1248547600005,1691.109260473999,326,307,20628,254,1668,,,,,
vf,mssp8-n140-d16-v100-p40-m10-06,1091.3112609827822,492.33356666666737,492.33356666666737,0.0,0.062701031,1091.2485599517822,1069.3841388719993,1069.3753653540002,191,181,9720,254,1728,,,,,
vf,mssp8-n140-d16-v100-p40-m10-07,1472.5569532684551,839.5001500000012,839.5001500000012,0.0,0.053821402,1472.503131866455,1455.0189197819998,1455.0039987400007,318,303,7122,254,1768,,,,,
vf,mssp8-n140-d16-v100-p40-m10-08,1074.692620010894,469.00009999999986,469.00009999999986,0.0,0.048185082,1074.644434928894,1049.1426730839996,1049.1346905550001,167,156,13875,254,1716,,,,,
vf,mssp8-n140-d16-v100-p40-m10-09,855.9099564632063,743.0002000000006,743.0002000000006,0.0,0.050119408,855.8598370552063,830.3785930970002,830.3468625670004,231,222,15087,254,1658,,,,,
vf,mssp8-n140-d16-v100-p40-m10-10,2615.467927079859,582.0000999999999,582.0000999999999,0.0,0.059492212,2615.408434867859,2589.7674357099986,2589.7462326489986,417,394,11142,254,1753,,,,,
vf,mssp8-n140-d16-v100-p40-m13-01,615.7457051267219,1439.800200000001,1439.800200000001,0.0,0.008518218,615.7371869087219,613.4880247260003,613.4072825539998,368,349,666,254,1731,,,,,
vf,mssp8-n140-d16-v100-p40-m13-02,284.5334667799623,1635.4000999999998,1635.4000999999998,0.0,0.063713753,284.4697530269623,283.73699953000005,283.725066409,235,224,104,254,1713,,,,,
vf,mssp8-n140-d16-v100-p40-m13-03,735.7239320462891,1625.4000999999998,1625.4000999999998,0.0,0.1428621,735.5810699462891,733.0299796739994,732.9977853179994,657,643,758,254,1710,,,,,
vf,mssp8-n140-d16-v100-p40-m13-04,422.8180542216597,1345.3001000000004,1345.3001000000004,0.0,0.061406158,422.75664806365967,420.2222801099999,420.20936981699987,305,297,804,254,1769,,,,,
vf,mssp8-n140-d16-v100-p40-m13-05,522.9347448877089,1555.2001000000005,1555.2001000000005,0.0,0.086324983,522.8484199047089,521.5141547129999,521.5065317829999,174,165,308,254,1764,,,,,
vf,mssp8-n140-d16-v100-p40-m13-06,229.5448564937246,1528.0001000000002,1528.0001000000002,0.0,0.037078326,229.5077781677246,228.46931487899997,228.46323273099992,162,154,194,254,1690,,,,,
vf,mssp8-n140-d16-v100-p40-m13-07,232.4302216743369,1214.5001000000002,1214.5001000000002,0.0,0.077245829,232.3529758453369,230.25849681800005,230.25485284299998,93,85,667,254,1735,,,,,
vf,mssp8-n140-d16-v100-p40-m13-08,169.78784188352014,1550.1001785714277,1550.1001785714277,0.0,0.061141816,169.72670006752014,168.31808603099998,168.31358185000002,97,86,315,254,1669,,,,,
vf,mssp8-n140-d16-v100-p40-m13-09,819.676873038117,1445.3001000000004,1445.3001000000004,0.0,0.06381614,819.6130568981171,817.4281609920001,817.4170011620006,242,231,659,254,1794,,,,,
vf,mssp8-n140-d16-v100-p40-m13-10,160.59554463292943,1350.3001,1350.3001,0.0,0.051483449,160.54406118392944,159.482634199,159.47826595299995,104,97,185,254,1722,,,,,
vf,mssp8-n140-d16-v100-p40-m16-01,1031.8151459252094,2375.6002000000026,2375.6002000000026,0.0,0.007637695,1031.8075082302094,1030.3370425730006,1030.3064358210002,592,577,283,254,1705,,,,,
vf,mssp8-n140-d16-v100-p40-m16-02,206.37084398482813,2359.6003000000005,2359.6003000000005,0.0,0.008997061,206.36184692382812,205.14052309799985,205.135463301,164,151,235,254,1697,,,,,
vf,mssp8-n140-d16-v100-p40-m16-03,184.60469373931872,2522.000100000001,2522.000100000001,0.0,0.070775597,184.53391814231873,184.06301955200004,184.06016486100003,91,86,19,254,1679,,,,,
vf,mssp8-n140-d16-v100-p40-m16-04,317.8450901349663,2801.8002000000015,2801.8002000000015,0.0,0.021208032,317.8238821029663,317.15938153,317.1513230129998,179,169,69,254,1785,,,,,
vf,mssp8-n140-d16-v100-p40-m16-05,199.9976105925044,2594.513718518517,2594.513718518517,0.0,0.096284413,199.9013261795044,199.41108896000003,199.404083811,176,168,43,254,1683,,,,,
vf,mssp8-n140-d16-v100-p40-m16-06,219.22907535184947,2500.040209999999,2500.1079039927413,2.7077161587764628e-5,0.032358328,219.1967170238495,218.348247771,218.34303607299998,126,118,193,254,1753,,,,,
vf,mssp8-n140-d16-v100-p40-m16-07,123.04139765557056,2306.4000999999994,2306.4000999999994,0.0,0.074716652,122.96668100357056,122.51696838199999,122.51024708,205,199,13,254,1671,,,,,
vf,mssp8-n140-d16-v100-p40-m16-08,244.18813863552467,2415.6002000000008,2415.6002000000008,0.0,0.053494604,244.13464403152466,243.3238657059999,243.30831910700007,378,372,63,254,1675,,,,,
vf,mssp8-n140-d16-v100-p40-m16-09,179.00028198339294,2262.4001,2262.4001,0.0,0.06970399,178.93057799339294,178.09830411500005,178.089579773,228,222,111,254,1760,,,,,
vf,mssp8-n140-d16-v100-p40-m16-10,152.63232251929688,2549.7334666666666,2549.7334666666666,0.0,0.08279249,152.54953002929688,151.975894509,151.97113955799998,115,107,31,254,1725,,,,,
vf,mssp8-n140-d16-v100-p40-m20-01,171.7463309759967,3628.0002000000013,3628.0002000000013,0.0,0.00801897,171.7383120059967,171.2418387630001,171.23602868400002,137,128,21,254,1717,,,,,
vf,mssp8-n140-d16-v100-p40-m20-02,166.3017625812367,3679.0002000000004,3679.0002000000004,0.0,0.009917498,166.2918450832367,165.90791670100003,165.90102396700004,163,154,15,254,1680,,,,,
vf,mssp8-n140-d16-v100-p40-m20-03,121.93707131149121,3025.0002000000004,3025.0002000000004,0.0,0.103981483,121.83308982849121,121.331043939,121.325301891,131,122,45,254,1784,,,,,
vf,mssp8-n140-d16-v100-p40-m20-04,164.3643352574221,3521.0001,3521.0001,0.0,0.069880206,164.29445505142212,163.78027303499994,163.76844362099996,261,255,9,254,1774,,,,,
vf,mssp8-n140-d16-v100-p40-m20-05,354.9317323093222,3405.0001,3405.0001,0.0,0.044547451,354.88718485832214,354.3397452709998,354.327712679,250,241,27,254,1766,,,,,
vf,mssp8-n140-d16-v100-p40-m20-06,211.19840585910535,3562.0001000000007,3562.0001000000007,0.0,0.042921898,211.15548396110535,210.75712850200014,210.74370703099996,283,276,5,254,1675,,,,,
vf,mssp8-n140-d16-v100-p40-m20-07,149.68689293841516,3654.50015,3654.50015,0.0,0.034300041,149.65259289741516,149.257829846,149.2516147,136,127,15,254,1659,,,,,
vf,mssp8-n140-d16-v100-p40-m20-08,328.3494610558167,3627.455916371679,3627.455916371679,0.0,0.033514,328.31594705581665,327.84566361099996,327.83632683099984,185,174,36,254,1665,,,,,
vf,mssp8-n140-d16-v100-p40-m20-09,135.3613750589547,3447.7001500000015,3447.7001500000015,0.0,0.059737171,135.3016378879547,134.791305971,134.78590018900002,120,113,15,254,1728,,,,,
vf,mssp8-n140-d16-v100-p40-m20-10,304.4481971005795,3776.5002125,3776.5002125,0.0,0.059941266,304.38825583457947,303.8917107030002,303.88346278600005,170,161,29,254,1675,,,,,
vf,mssp8-n140-d16-v100-p55-m13-01,178.23110833117687,1651.2001000000002,1651.2001000000002,0.0,0.008149528,178.22295880317688,170.9804209370001,170.95892862099996,545,528,2690,296,1837,,,,,
vf,mssp8-n140-d16-v100-p55-m13-02,326.70467018988,1640.9001,1640.9001,0.0,0.138663291,326.56600689888,317.53213255599997,317.5151552720002,393,381,1937,296,1862,,,,,
vf,mssp8-n140-d16-v100-p55-m13-03,77.05244395395093,1758.0001000000002,1758.0001000000002,0.0,0.064355823,76.98808813095093,74.96195979499997,74.95123227400005,260,253,550,296,1805,,,,,
vf,mssp8-n140-d16-v100-p55-m13-04,179.95655961403236,1771.4001599999992,1771.4001599999992,0.0,0.129604534,179.82695508003235,176.75985238099994,176.741131792,430,416,780,296,1789,,,,,
vf,mssp8-n140-d16-v100-p55-m13-05,454.2546400885062,1660.1872967741933,1660.1872967741933,0.0,0.059711204,454.1949288845062,438.74577421299995,438.7205608210001,557,539,4282,296,1788,,,,,
vf,mssp8-n140-d16-v100-p55-m13-06,101.35601534910681,1776.1668416666685,1776.1668416666685,0.0,0.064477349,101.29153800010681,99.00291507799999,98.99229236700002,239,232,714,296,1845,,,,,
vf,mssp8-n140-d16-v100-p55-m13-07,112.33194697526135,1974.6001,1974.6001,0.0,0.041200048,112.29074692726135,111.04065501899991,111.02908073900007,249,241,212,296,1788,,,,,
vf,mssp8-n140-d16-v100-p55-m13-08,172.33943905559474,1898.8462419161656,1899.0311664301196,9.738782944710176e-5,0.019467971,172.31997108459473,167.9042319090001,167.88727724800015,405,391,1662,296,1791,,,,,
vf,mssp8-n140-d16-v100-p55-m13-09,68.63238863841626,1694.3001000000006,1694.3001000000006,0.0,0.112618493,68.51977014541626,65.77900913500002,65.77251654199998,152,141,814,296,1746,,,,,
vf,mssp8-n140-d16-v100-p55-m13-10,121.78802340065076,1627.5001999999993,1627.5001999999993,0.0,0.050606418,121.73741698265076,116.39213947100008,116.382246473,224,217,1839,296,1787,,,,,
vf,mssp8-n140-d16-v100-p70-m13-01,71.71659574811083,2143.6000999999997,2143.6000999999997,0.0,0.008428672,71.70816707611084,64.23008415499997,64.21089163200001,498,484,2462,338,1886,,,,,
vf,mssp8-n140-d16-v100-p70-m13-02,66.60691277303113,2171.9667999999997,2171.9667999999997,0.0,0.070744913,66.53616786003113,60.47156728900002,60.455164351,416,403,2043,338,1820,,,,,
vf,mssp8-n140-d16-v100-p70-m13-03,108.81977198910865,2272.00015,2272.00015,0.0,0.058850034,108.76092195510864,104.02340879199976,103.97119995299994,1245,1227,1081,338,1834,,,,,
vf,mssp8-n140-d16-v100-p70-m13-04,73.23737184007409,2338.4001000000017,2338.4001000000017,0.0,0.088540711,73.1488311290741,69.50356129200001,69.47793911699998,738,722,861,338,1963,,,,,
vf,mssp8-n140-d16-v100-p70-m13-05,36.009822851544065,2166.3001,2166.3001,0.0,0.042677647,35.96714520454407,34.25536095800001,34.24842022099999,276,266,300,338,1844,,,,,
vf,mssp8-n140-d16-v100-p70-m13-06,147.82834652384693,1988.3001000000004,1988.3001000000004,0.0,0.068454537,147.75989198684692,133.53445301199986,133.5063730629999,985,970,3363,338,1842,,,,,
vf,mssp8-n140-d16-v100-p70-m13-07,141.57894396092408,2027.3002499999916,2027.3002499999916,0.0,0.05458092,141.52436304092407,119.84338056200009,119.8083404170001,1221,1203,6029,338,1827,,,,,
vf,mssp8-n140-d16-v100-p70-m13-08,230.3525591881156,1975.8449724137943,1976.039573684211,9.849015137005512e-5,0.059150079,230.2934091091156,192.10691820899976,192.0727624949998,1137,1111,15316,338,1871,,,,,
vf,mssp8-n140-d16-v100-p70-m13-09,84.68861620861999,2105.2001,2105.2001,0.0,0.09153717,84.59707903862,70.97267064000003,70.95753608700001,536,520,3126,338,1893,,,,,
vf,mssp8-n140-d16-v100-p70-m13-10,27.193234833027223,2105.9001000000003,2105.9001000000003,0.0,0.036804827,27.15643000602722,24.231776658,24.227965377,143,135,895,338,1850,,,,,
vf,mssp8-n140-d16-v140-p40-m13-01,152.10843163281103,1877.5001000000004,1877.5001000000004,0.0,0.050027664,152.05840396881104,151.200478916,151.19463921300007,133,123,105,254,1779,,,,,
vf,mssp8-n140-d16-v140-p40-m13-02,125.23669613340564,1834.9001000000003,1834.9001000000003,0.0,0.047556052,125.18914008140564,124.59177588299998,124.58780284400002,92,86,65,254,1751,,,,,
vf,mssp8-n140-d16-v140-p40-m13-03,190.2509486407472,1757.7002,1757.7002,0.0,0.062825653,190.1881229877472,188.98130995399993,188.97222941199993,199,188,285,254,1742,,,,,
vf,mssp8-n140-d16-v140-p40-m13-04,483.39749313711195,1851.6148243902426,1851.6148243902426,0.0,0.062383188,483.33510994911194,478.7752090899997,478.7554758309998,395,383,1835,254,1699,,,,,
vf,mssp8-n140-d16-v140-p40-m13-05,544.4894004044435,1544.5001000000002,1544.5001000000002,0.0,0.067106503,544.4222939014435,542.2716622739999,542.2607906719996,226,215,628,254,1725,,,,,
vf,mssp8-n140-d16-v140-p40-m13-06,220.01341201889662,1705.933516666667,1705.933516666667,0.0,0.072777053,219.9406349658966,215.01979400000002,215.0110570729999,186,179,2149,254,1682,,,,,
vf,mssp8-n140-d16-v140-p40-m13-07,232.9998339078467,1710.383461111111,1710.383461111111,0.0,0.07348999,232.92634391784668,230.87966787300002,230.8737596569999,127,118,644,254,1788,,,,,
vf,mssp8-n140-d16-v140-p40-m13-08,374.9776592344563,1721.1000999999992,1721.1000999999992,0.0,0.074365148,374.9032940864563,373.247419582,373.2343000059999,272,261,538,254,1753,,,,,
vf,mssp8-n140-d16-v140-p40-m13-09,353.72343499588584,1669.3002,1669.3002,0.0,0.126883816,353.59655117988586,352.308306758,352.298810448,189,180,352,254,1694,,,,,
vf,mssp8-n140-d16-v140-p40-m13-10,404.6844995928331,1754.300199999999,1754.300199999999,0.0,0.044487567,404.64001202583313,403.49815430099983,403.4866978619997,237,227,251,254,1625,,,,,
vf,mssp8-n140-d16-v180-p40-m13-01,48.07513443235132,2018.9001,2018.9001,0.0,0.009619391,48.06551504135132,46.75552756299999,46.683096281999994,60,51,264,254,1712,,,,,
vf,mssp8-n140-d16-v180-p40-m13-02,88.72106222535217,2597.0001,2597.0001,0.0,0.04574613,88.67531609535217,87.814577699,87.81050485900002,83,77,79,254,1763,,,,,
vf,mssp8-n140-d16-v180-p40-m13-03,171.10174721172706,2765.200133333337,2765.200133333337,0.0,0.069035229,171.03271198272705,170.243196134,170.23500024000006,168,159,100,254,1737,,,,,
vf,mssp8-n140-d16-v180-p40-m13-04,92.4678762735055,2456.8001749999985,2456.8001749999985,0.0,0.158357221,92.3095190525055,90.420991789,90.41684225799997,89,81,678,254,1741,,,,,
vf,mssp8-n140-d16-v180-p40-m13-05,308.6724618604608,1977.9002000000048,1977.9002000000048,0.0,0.07997381,308.5924880504608,305.512701663,305.4998608389999,243,228,1177,254,1831,,,,,
vf,mssp8-n140-d16-v180-p40-m13-06,209.0824019985687,2189.3501875000006,2189.3501875000006,0.0,0.08510495,208.99729704856873,207.00397111900006,206.99736858699998,138,126,697,254,1680,,,,,
vf,mssp8-n140-d16-v180-p40-m13-07,303.36349203470803,2038.6790999999985,2038.6790999999985,0.0,0.107295059,303.256196975708,299.630148746,299.6195213610001,217,204,1214,254,1749,,,,,
vf,mssp8-n140-d16-v180-p40-m13-08,149.20119812199084,1964.5001000000009,1964.5001000000009,0.0,0.083274147,149.11792397499084,147.50274952100006,147.495479431,150,137,501,254,1743,,,,,
vf,mssp8-n140-d16-v180-p40-m13-09,82.52588027811926,1994.9000999999998,1994.9000999999998,0.0,0.045656384,82.48022389411926,81.48522480300001,81.481074243,87,82,94,254,1720,,,,,
vf,mssp8-n140-d16-v180-p40-m13-10,361.7712507916022,2370.3835083333333,2370.3835083333333,0.0,0.021227665,361.7500231266022,359.42797662899994,359.4079919129999,403,386,839,254,1728,,,,,
vf,mssp8-n140-d20-v100-p40-m13-01,313.108306892599,1069.2001000000002,1069.2001000000002,0.0,0.010814913,313.097491979599,310.6941950590001,310.6857758799997,201,192,776,254,2098,,,,,
vf,mssp8-n140-d20-v100-p40-m13-02,310.73273724609936,1159.7000999999996,1159.7000999999996,0.0,0.072423163,310.66031408309937,308.64630818900014,308.64016280899995,182,175,604,254,2121,,,,,
vf,mssp8-n140-d20-v100-p40-m13-03,111.78957621233911,1384.3407718749993,1384.3407718749993,0.0,0.051855246,111.73772096633911,110.08614569299999,110.08414532300003,64,58,331,254,2160,,,,,
vf,mssp8-n140-d20-v100-p40-m13-04,1268.2434375618705,1018.0001000000003,1018.0001000000003,0.0,0.123305354,1268.1201322078705,1263.3958877449986,1263.3848349680002,242,231,1772,254,2095,,,,,
vf,mssp8-n140-d20-v100-p40-m13-05,201.76756975205933,1169.8001000000004,1169.8001000000004,0.0,0.039607735,201.72796201705933,199.92402179999996,199.91996565700003,104,98,449,254,2045,,,,,
vf,mssp8-n140-d20-v100-p40-m13-06,578.8304429535318,1139.3001000000004,1139.3001000000004,0.0,0.066091824,578.7643511295319,576.114272177,576.1048811769998,215,200,871,254,2078,,,,,
vf,mssp8-n140-d20-v100-p40-m13-07,204.13677432904797,975.9001000000001,975.9001000000001,0.0,0.062352208,204.07442212104797,201.36828740099992,201.3630839559999,126,118,973,254,2096,,,,,
vf,mssp8-n140-d20-v100-p40-m13-08,693.8341582068368,1463.757285714286,1463.757285714286,0.0,0.036628271,693.7975299358368,689.9407922199996,689.9246695749996,427,412,1356,254,2185,,,,,
vf,mssp8-n140-d20-v100-p40-m13-09,1064.6057535219495,1141.9501499999988,1142.0001,4.374096364996115e-5,0.064266305,1064.5414872169495,1051.5178372219998,1051.4990168890004,449,435,4614,254,2100,,,,,
vf,mssp8-n140-d20-v100-p40-m13-10,387.15475614608494,1394.9001000000003,1394.9001000000003,0.0,0.066356259,387.08839988708496,385.5513063759998,385.53960831399996,308,293,365,254,2059,,,,,
vf,mssp8-n140-d24-v100-p40-m13-01,166.37238003516185,850.8000999999999,850.8000999999999,0.0,0.022979038,166.34940099716187,163.80823136400002,163.80463125900002,81,71,830,254,2494,,,,,
vf,mssp8-n140-d24-v100-p40-m13-02,121.32817087266882,1338.7001499999997,1338.7001499999997,0.0,0.050774909,121.27739596366882,119.96273901899998,119.95941170300004,90,83,234,254,2481,,,,,
vf,mssp8-n140-d24-v100-p40-m13-03,433.1761644639386,1221.0001000000002,1221.0001000000002,0.0,0.082058505,433.0941059589386,427.208411955,427.199122759,194,181,1170,254,2465,,,,,
vf,mssp8-n140-d24-v100-p40-m13-04,114.57276130503027,1132.6001999999985,1132.6001999999985,0.0,0.078035124,114.49472618103027,112.89288881499999,112.88993797399998,63,56,298,254,2481,,,,,
vf,mssp8-n140-d24-v100-p40-m13-05,500.4222986999918,1025.0001999999993,1025.0001999999993,0.0,0.114713699,500.3075850009918,496.6123201879999,496.6012560680001,222,209,1267,254,2511,,,,,
vf,mssp8-n140-d24-v100-p40-m13-06,601.1076691135389,1341.2001000000002,1341.2001000000002,0.0,0.078627108,601.0290420055389,598.3077950600002,598.2966625070003,218,205,803,254,2524,,,,,
vf,mssp8-n140-d24-v100-p40-m13-07,1715.802010001705,926.0001000000003,926.0001000000003,0.0,0.083327951,1715.718682050705,1704.5881146549996,1704.5693268640014,354,337,2770,254,2512,,,,,
vf,mssp8-n140-d24-v100-p40-m13-08,240.85915115079823,876.0001000000002,876.0001000000002,0.0,0.074716117,240.78443503379822,237.91246222500004,237.90796138399998,98,89,913,254,2559,,,,,
vf,mssp8-n140-d24-v100-p40-m13-09,367.0599361018097,1207.9002000000007,1207.9002000000007,0.0,0.071398075,366.9885380268097,365.255636831,365.2478031109999,188,177,401,254,2492,,,,,
vf,mssp8-n140-d24-v100-p40-m13-10,260.19878551281835,1177.0001333333337,1177.0001333333337,0.0,0.069486349,260.12929916381836,257.979655676,257.97345684300006,148,140,603,254,2523,,,,,
vf,mssp8-n160-d08-v100-p40-m13-01,4208.917785302627,2357.4811075000034,2716.962452941175,0.15248535578823125,0.005878345,4208.911906957626,4207.186103684,4207.161898787001,355,344,308,290,1197,,,,,
vf,mssp8-n160-d08-v100-p40-m13-02,3667.4180479831834,2043.022989029534,2317.4489231312664,0.13432346849512872,0.074056942,3667.3439910411835,3661.6474091100013,3661.613881605998,495,485,1746,290,1190,,,,,
vf,mssp8-n160-d08-v100-p40-m13-03,3761.7541102571186,2171.6875947214107,3111.538783439997,0.4327745809309892,0.046451251,3761.707659006119,3760.5147318009977,3760.4806090049997,501,493,171,290,1196,,,,,
vf,mssp8-n160-d08-v100-p40-m13-04,3951.3734307906843,2224.0691816365397,2504.6167666666665,0.12614157299895282,0.057115855,3951.316314935684,3948.550368157999,3948.5266637960012,337,330,716,290,1169,,,,,
vf,mssp8-n160-d08-v100-p40-m13-05,2881.5643690904203,2430.5389032258076,2430.5389032258076,0.0,0.096938022,2881.4674310684204,2879.7877388580014,2879.7516843950025,576,561,282,290,1161,,,,,
vf,mssp8-n160-d08-v100-p40-m13-06,3656.4724293546656,2500.8354616580227,2700.2331935251805,0.07973244738578664,0.067831357,3656.4045979976654,3653.1598496209976,3653.1247526729976,557,541,700,290,1200,,,,,
vf,mssp8-n160-d08-v100-p40-m13-07,1564.3360585485323,2252.8998921595603,2252.8998921595603,0.0,0.175877503,1564.1601810455322,1562.8058262660002,1562.791184154999,233,225,224,290,1163,,,,,
vf,mssp8-n160-d08-v100-p40-m13-08,4267.827012814662,2388.0680050632955,2728.998604423931,0.14276419207400212,0.180632867,4267.646379947662,4266.264783716002,4266.238143693,381,364,268,290,1216,,,,,
vf,mssp8-n160-d08-v100-p40-m13-09,3386.8280475084234,2706.0457648391202,2706.0457648391202,0.0,0.094367737,3386.7336797714233,3366.9708973679967,3366.9247498680024,761,747,4389,290,1183,,,,,
vf,mssp8-n160-d08-v100-p40-m13-10,4046.3318733733977,2274.2002,3355.509338201812,0.47546787578411603,0.112928347,4046.2189450263977,4044.5294012180007,4044.471211052998,954,947,29,290,1177,,,,,
vf,mssp8-n160-d12-v100-p40-m13-01,2191.7048508522744,1862.1001999999992,1862.1001999999992,0.0,0.007758796,2191.6970920562744,2188.529128387,2188.501144319999,510,499,721,290,1680,,,,,
vf,mssp8-n160-d12-v100-p40-m13-02,2369.768267339201,2038.3501833333341,2038.3501833333341,0.0,0.04944033,2369.718827009201,2367.4526549239995,2367.4265117929986,446,436,370,290,1700,,,,,
vf,mssp8-n160-d12-v100-p40-m13-03,1044.3674226498956,2038.9787107142868,2038.9787107142868,0.0,0.05394871,1044.3134739398956,1042.191902638,1042.1856382140002,103,97,420,290,1734,,,,,
vf,mssp8-n160-d12-v100-p40-m13-04,783.6128723120678,1973.5002000000002,1973.5002000000002,0.0,0.046447227,783.5664250850677,774.9210297410001,774.9132389870001,146,134,2965,290,1760,,,,,
vf,mssp8-n160-d12-v100-p40-m13-05,2281.33414880648,2157.9001,2157.9001,0.0,0.090145749,2281.24400305748,2278.608230851001,2278.5848581420005,386,374,532,290,1781,,,,,
vf,mssp8-n160-d12-v100-p40-m13-06,2411.3110263674303,1807.4118001148113,1807.4118001148113,0.0,0.073938164,2411.23708820343,2405.077216730999,2405.0542934820014,351,339,1914,290,1699,,,,,
vf,mssp8-n160-d12-v100-p40-m13-07,680.0719193689921,1949.4196071903568,1949.4196071903568,0.0,0.042114424,680.0298049449921,675.161013729,675.1519498079999,140,130,1331,290,1735,,,,,
vf,mssp8-n160-d12-v100-p40-m13-08,2851.7259876833136,1733.53475769231,1733.53475769231,0.0,0.09892274,2851.6270649433136,2838.483694936999,2838.4222974239983,498,477,3420,290,1635,,,,,
vf,mssp8-n160-d12-v100-p40-m13-09,4220.428131652929,2049.0000999999997,2804.23806271542,0.3685885436098418,0.073731495,4220.3544001579285,4218.799065365997,4218.76474182,631,616,176,290,1721,,,,,
vf,mssp8-n160-d12-v100-p40-m13-10,1556.8003865031405,1787.45943333333,1787.45943333333,0.0,0.065370634,1556.7350158691406,1544.2969239060005,1544.281516180999,331,317,4038,290,1790,,,,,
vf,mssp8-n160-d16-v020-p40-m13-01,3358.1980763891647,898.8001000000005,898.8001000000005,0.0,0.012332342,3358.185744047165,3341.2465929760006,3341.2286422659986,286,276,3189,290,2286,,,,,
vf,mssp8-n160-d16-v020-p40-m13-02,3763.2079177515893,595.8000999999999,1026.6289755825833,0.723109773869765,0.034379782,3763.1735379695892,3744.6729993390013,3744.649180861,400,388,4480,290,2271,,,,,
vf,mssp8-n160-d16-v020-p40-m13-03,4019.4940600713567,613.6002000000008,902.0521947499551,0.47009762179013953,0.056848081,4019.4372119903564,3994.748431025998,3994.728063075998,294,281,5728,290,2288,,,,,
vf,mssp8-n160-d16-v020-p40-m13-04,4088.262350127443,583.0120478604349,1082.6003467996484,0.8569090480593431,0.095261142,4088.167088985443,4071.5262701589977,4071.503000289997,335,322,3372,290,2185,,,,,
vf,mssp8-n160-d16-v020-p40-m13-05,4356.155396652968,636.7001000000002,1213.5283058483985,0.9059653137299618,0.094770623,4356.060626029968,4349.023995922002,4348.998155590999,370,359,867,290,2144,,,,,
vf,mssp8-n160-d16-v020-p40-m13-06,2811.655333912579,783.1001000000001,783.1001000000001,0.0,0.100189841,2811.555144071579,2791.466690241001,2791.4496949970016,263,254,4745,290,2258,,,,,
vf,mssp8-n160-d16-v020-p40-m13-07,3750.7955510255774,716.7001,1134.512223175799,0.5829664641818787,0.049852812,3750.7456982135773,3743.1687404530007,3743.14594561,330,315,965,290,2243,,,,,
vf,mssp8-n160-d16-v020-p40-m13-08,3683.664903712677,712.4766588235299,1155.433974378109,0.6217148450673572,0.10134275,3683.563560962677,3671.7938651399986,3671.768623829001,373,361,2022,290,2257,,,,,
vf,mssp8-n160-d16-v020-p40-m13-09,3712.6017929216055,618.1554730496459,1384.4094707466436,1.2395813530805015,0.117643704,3712.4841492176056,3709.7527833369977,3709.732044346001,286,274,497,290,2180,,,,,
vf,mssp8-n160-d16-v020-p40-m13-10,1856.509625592981,855.1561319999992,855.1561319999992,0.0,0.131625572,1856.3780000209808,1846.1448546079994,1846.135953262,117,108,2564,290,2209,,,,,
vf,mssp8-n160-d16-v060-p40-m13-01,1209.6132368658143,1017.1001000000001,1017.1001000000001,0.0,0.01167675,1209.6015601158142,1202.111620028,1202.1016295889997,169,161,1657,290,2201,,,,,
vf,mssp8-n160-d16-v060-p40-m13-02,3930.780456003705,874.7468133333327,1301.9630351678136,0.48838842888323275,0.037900147,3930.7425558567047,3900.941636366001,3900.910777448,507,494,7973,290,2272,,,,,
vf,mssp8-n160-d16-v060-p40-m13-03,1116.3202093382636,1262.0001000000002,1262.0001000000002,0.0,0.035560443,1116.2846488952637,1112.337859979,1112.3270930539993,199,191,741,290,2222,,,,,
vf,mssp8-n160-d16-v060-p40-m13-04,3022.8728468312743,1169.3001999999985,1169.3001999999985,0.0,0.057912816,3022.814934015274,3007.687631612,3007.6713914239986,329,312,2932,290,2191,,,,,
vf,mssp8-n160-d16-v060-p40-m13-05,1641.027668452531,1192.1001,1192.1001,0.0,0.109446502,1640.918221950531,1637.226635725,1637.2156426079994,223,211,909,290,2246,,,,,
vf,mssp8-n160-d16-v060-p40-m13-06,3832.012831596718,917.2958434782599,1525.3605061685532,0.6628882786436658,0.057944445,3831.954887151718,3815.384790146001,3815.3579877389993,529,514,3627,290,2232,,,,,
vf,mssp8-n160-d16-v060-p40-m13-07,3620.9820049156197,757.1002000000008,1316.419511764706,0.7387652410667763,0.063958918,3620.9180459976196,3603.344650095001,3603.323544270001,418,404,3700,290,2269,,,,,
vf,mssp8-n160-d16-v060-p40-m13-08,2082.8145563994567,1247.000200000001,1247.000200000001,0.0,0.0898693,2082.724687099457,2078.4858473139993,2078.4729541490005,263,249,1050,290,2186,,,,,
vf,mssp8-n160-d16-v060-p40-m13-09,3461.9862100452906,1158.9901200000013,1158.9901200000013,0.0,0.083539185,3461.9026708602905,3441.819459288002,3441.8003955379986,398,383,4248,290,2278,,,,,
vf,mssp8-n160-d16-v060-p40-m13-10,3571.0334356555427,1040.6001,1040.6001,0.0,0.044577671,3570.988857984543,3552.4941244549996,3552.471870791999,362,353,3892,290,2222,,,,,
vf,mssp8-n160-d16-v100-p10-m13-01,3613.002271961412,559.4002000000006,1027.744561152882,0.8372259451335212,0.010240864,3612.992031097412,3607.181155398001,3607.1736188100012,73,63,1561,194,2131,,,,,
vf,mssp8-n160-d16-v100-p10-m13-02,1528.2241721643518,815.5573285714295,815.5573285714295,0.0,0.059702207,1528.1644699573517,1523.8467085080001,1523.8427169700005,49,41,1373,194,2164,,,,,
vf,mssp8-n160-d16-v100-p10-m13-03,1210.4860570221824,494.40009999999995,494.40009999999995,0.0,0.048523882,1210.4375331401825,1204.9502514979997,1204.946832539,45,37,1699,194,2096,,,,,
vf,mssp8-n160-d16-v100-p10-m13-04,2461.8082001384064,826.2000999999998,826.2000999999998,0.0,0.061557072,2461.7466430664062,2459.2586239260004,2459.2532089770007,63,56,657,194,2063,,,,,
vf,mssp8-n160-d16-v100-p10-m13-05,3478.3715504688785,771.2000999999998,771.2000999999998,0.0,0.062909512,3478.3086409568787,3472.0985593700007,3472.0934744040005,61,52,1679,194,2099,,,,,
vf,mssp8-n160-d16-v100-p10-m13-06,1313.6673024303425,592.0001499999998,592.0001499999998,0.0,0.070455373,1313.5968470573425,1307.4749815920002,1307.4726842950001,31,25,1648,194,2112,,,,,
vf,mssp8-n160-d16-v100-p10-m13-07,1822.4665751446453,686.7000999999998,686.7000999999998,0.0,0.047466277,1822.4191088676453,1816.916344216,1816.913266659,45,36,1199,194,2100,,,,,
vf,mssp8-n160-d16-v100-p10-m13-08,1066.2966645663487,517.5001000000002,517.5001000000002,0.0,0.075959534,1066.2207050323486,1062.290757768,1062.2886280409998,33,27,1298,194,2097,,,,,
vf,mssp8-n160-d16-v100-p10-m13-09,646.6829427518533,569.9001000000006,569.9001000000006,0.0,0.090644721,646.5922980308533,643.514645607,643.5128345090001,25,18,884,194,2024,,,,,
vf,mssp8-n160-d16-v100-p10-m13-10,2333.478569936979,684.5501500000009,684.5501500000009,0.0,0.068218899,2333.410351037979,2330.169276465,2330.165395706,55,46,1018,194,2103,,,,,
vf,mssp8-n160-d16-v100-p25-m13-01,2951.576187409175,1370.734098113204,1370.734098113204,0.0,0.009894408,2951.566293001175,2943.462859866999,2943.453436291,104,96,2430,242,2159,,,,,
vf,mssp8-n160-d16-v100-p25-m13-02,4057.507781906122,1019.5001000000002,1987.636787102407,0.949619021226586,0.067731781,4057.440050125122,4056.0996566340023,4056.0850705770017,185,175,195,242,2147,,,,,
vf,mssp8-n160-d16-v100-p25-m13-03,792.709107145393,1254.6001000000003,1254.6001000000003,0.0,0.044154152,792.664952993393,790.55504245,790.5520792060001,54,47,291,242,2165,,,,,
vf,mssp8-n160-d16-v100-p25-m13-04,3612.613687877546,1129.580210000002,1335.7483077272218,0.18251744843088172,0.083626871,3612.530061006546,3605.257755276001,3605.2459448900013,172,161,1992,242,2156,,,,,
vf,mssp8-n160-d16-v100-p25-m13-05,3773.932498582703,828.6548964285707,1479.5314078353965,0.7854614921266331,0.049733528,3773.8827650547028,3770.8398077270003,3770.8295000860003,143,131,808,242,2196,,,,,
vf,mssp8-n160-d16-v100-p25-m13-06,3747.1693657571004,1296.6712651534654,2160.080084392459,0.6658656225691917,0.083280676,3747.0860850811005,3746.3120351319994,3746.301239729999,154,146,33,242,2152,,,,,
vf,mssp8-n160-d16-v100-p25-m13-07,1513.4354038845638,1106.4430000000016,1106.4430000000016,0.0,0.054380716,1513.3810231685638,1510.350380343,1510.3459860659998,68,63,734,242,2206,,,,,
vf,mssp8-n160-d16-v100-p25-m13-08,1631.846274867666,1125.7177882352962,1125.7177882352962,0.0,0.075361982,1631.770912885666,1624.665821194,1624.6613051670001,66,59,2209,242,2164,,,,,
vf,mssp8-n160-d16-v100-p25-m13-09,1808.9453658476004,1480.200168571434,1480.200168571434,0.0,0.071194829,1808.8741710186005,1805.502533209,1805.4966602079999,95,86,906,242,2159,,,,,
vf,mssp8-n160-d16-v100-p25-m13-10,3485.764855956339,1434.7001999999998,1434.7001999999998,0.0,0.101571893,3485.6632840633392,3483.9836324450007,3483.973375246,150,136,320,242,2163,,,,,
vf,mssp8-n160-d16-v100-p40-m10-01,3707.8872169426577,554.0000999999999,1006.1539461538457,0.8161620298513411,0.009890931,3707.8773260116577,3684.5935731039986,3684.573608761998,322,305,7073,290,2170,,,,,
vf,mssp8-n160-d16-v100-p40-m10-02,2849.7600853305903,748.0001,748.0066789473683,8.795383006399755e-6,0.070496307,2849.68958902359,2784.9206093319985,2784.9053734870004,285,268,34680,290,2196,,,,,
vf,mssp8-n160-d16-v100-p40-m10-03,4073.8046492288836,765.0001,1348.2934988476306,0.7624749315034478,0.084594364,4073.7200548648834,4057.3122921689996,4057.2898041840012,414,399,3282,290,2227,,,,,
vf,mssp8-n160-d16-v100-p40-m10-04,3612.653415325216,457.0001,897.7760431530702,0.9644985704665496,0.078172329,3612.575242996216,3542.6277772490007,3542.6116117830006,295,281,34063,290,2184,,,,,
vf,mssp8-n160-d16-v100-p40-m10-05,2778.057899793528,595.0001,595.0411958904111,6.906871177190842e-5,0.222332796,2777.835566997528,2719.4072183020003,2719.398417279001,152,140,29537,290,2267,,,,,
vf,mssp8-n160-d16-v100-p40-m10-06,3342.143949772324,510.0001428571443,510.0287738351259,5.61391567876998e-5,0.062989737,3342.080960035324,3258.9578490220006,3258.945341125,221,205,43003,290,2256,,,,,
vf,mssp8-n160-d16-v100-p40-m10-07,3675.6434014809397,669.0002000000013,959.7462139896375,0.4345977983110253,0.092056371,3675.5513451099396,3615.8054667099996,3615.7855716220015,381,363,26630,290,2232,,,,,
vf,mssp8-n160-d16-v100-p40-m10-08,3758.301644397218,422.0001,1169.2863200078668,1.7708200069333322,0.038267446,3758.2633769512177,3743.7237559250016,3743.710383675999,194,181,3355,290,2262,,,,,
vf,mssp8-n160-d16-v100-p40-m10-09,3780.3117848481243,752.3847807692307,1197.2324980942292,0.5912502866820227,0.069020852,3780.2427639961243,3740.0334514849974,3740.0159066410024,276,261,12025,290,2224,,,,,
vf,mssp8-n160-d16-v100-p40-m10-10,3749.946089052296,794.0002000000009,988.8401000000011,0.24539024045585892,0.084266924,3749.861822128296,3672.931810434999,3672.910871898,314,302,28482,290,2224,,,,,
vf,mssp8-n160-d16-v100-p40-m13-01,1738.3405802927762,1555.8001,1555.8001,0.0,0.011018344,1738.3295619487762,1733.2296552179994,1733.2084509460003,413,400,1229,290,2267,,,,,
vf,mssp8-n160-d16-v100-p40-m13-02,333.08744233165896,1551.7001000000002,1551.7001000000002,0.0,0.0443291,333.04311323165894,329.43157354100003,329.42740281600004,101,93,796,290,2237,,,,,
vf,mssp8-n160-d16-v100-p40-m13-03,1817.206305031212,1637.3000999999995,1637.3000999999995,0.0,0.134064917,1817.072240114212,1812.6360964399994,1812.6161662650002,445,427,1029,290,2241,,,,,
vf,mssp8-n160-d16-v100-p40-m13-04,1328.7022857196005,1709.8001000000017,1709.8001000000017,0.0,0.078114701,1328.6241710186005,1326.1619610369999,1326.153405842,168,160,382,290,2240,,,,,
vf,mssp8-n160-d16-v100-p40-m13-05,1027.9796857439426,1526.7001000000014,1526.7001000000014,0.0,0.050763806,1027.9289219379425,1022.1306932009999,1022.1187918100002,227,218,1397,290,2207,,,,,
vf,mssp8-n160-d16-v100-p40-m13-06,457.8690995110337,1707.0887453804323,1707.0887453804323,0.0,0.114856614,457.7542428970337,452.07712876400007,452.070628844,137,129,1405,290,2305,,,,,
vf,mssp8-n160-d16-v100-p40-m13-07,3792.089360011999,1269.200200000002,1662.0011383906465,0.30948698116392026,0.048115982,3792.041244029999,3775.792581504997,3775.765841015001,488,473,3278,290,2224,,,,,
vf,mssp8-n160-d16-v100-p40-m13-08,628.4449291927031,1438.2001,1438.2001,0.0,0.107522319,628.337406873703,623.6236053750005,623.6175858070001,118,114,1190,290,2292,,,,,
vf,mssp8-n160-d16-v100-p40-m13-09,3081.3257838587597,1349.7002000000014,1349.7002000000014,0.0,0.049020658,3081.27676320076,3064.174262956998,3064.149748538998,458,443,3238,290,2213,,,,,
vf,mssp8-n160-d16-v100-p40-m13-10,811.9397618260365,1584.2001999999984,1584.2001999999984,0.0,0.071395823,811.8683660030365,803.4777068199999,803.4712424390001,127,118,1911,290,2241,,,,,
vf,mssp8-n160-d16-v100-p40-m16-01,1808.6956353893695,2364.8124446153843,2364.8124446153843,0.0,0.010281395,1808.6853539943695,1806.0518855279993,1806.0335423450003,385,368,543,290,2241,,,,,
vf,mssp8-n160-d16-v100-p40-m16-02,410.6851144424335,2447.200099999999,2447.200099999999,0.0,0.080869495,410.6042449474335,409.28901653499986,409.2832750960001,150,141,148,290,2263,,,,,
vf,mssp8-n160-d16-v100-p40-m16-03,959.4151897549556,2305.4001000000003,2305.4001000000003,0.0,0.031094563,959.3840951919556,957.60227242,957.5874531850001,323,310,237,290,2264,,,,,
vf,mssp8-n160-d16-v100-p40-m16-04,274.0348417014944,2394.8001,2394.8001,0.0,0.062892601,273.9719491004944,273.02098667700005,273.01390505499995,207,202,69,290,2221,,,,,
vf,mssp8-n160-d16-v100-p40-m16-05,741.1703861563778,2305.2001000000005,2305.2001000000005,0.0,0.025257191,741.1451289653778,740.0243337899996,740.0166133950005,169,162,103,290,2227,,,,,
vf,mssp8-n160-d16-v100-p40-m16-06,1306.793751536175,2425.8001999999997,2425.8001999999997,0.0,0.08488041,1306.708871126175,1304.3890783279999,1304.3764423870002,269,259,430,290,2151,,,,,
vf,mssp8-n160-d16-v100-p40-m16-07,263.54914140357545,2560.0001000000007,2560.0001000000007,0.0,0.05603027,263.49311113357544,262.44075216,262.434621581,145,136,77,290,2228,,,,,
vf,mssp8-n160-d16-v100-p40-m16-08,778.0754617014042,2516.0630085714292,2516.0630085714292,0.0,0.022375659,778.0530860424042,776.4435913699998,776.4350272229999,182,171,260,290,2155,,,,,
vf,mssp8-n160-d16-v100-p40-m16-09,1481.6600767336674,2388.0001,2388.0001,0.0,0.096859809,1481.5632169246674,1479.6443081829993,1479.6302297680002,302,291,319,290,2243,,,,,
vf,mssp8-n160-d16-v100-p40-m16-10,886.1737146745085,2487.600099999998,2487.600099999998,0.0,0.123337544,886.0503771305084,884.8309891649999,884.8229177159994,170,158,113,290,2236,,,,,
vf,mssp8-n160-d16-v100-p40-m20-01,916.045857117016,3592.4124258771944,3592.4124258771944,0.0,0.01193516,916.033921957016,915.1651004459999,915.154958347,178,169,105,290,2140,,,,,
vf,mssp8-n160-d16-v100-p40-m20-02,735.0280466927692,3390.250185714287,3390.250185714287,0.0,0.058878745,734.9691679477692,734.0557768129999,734.0450065420004,199,186,106,290,2309,,,,,
vf,mssp8-n160-d16-v100-p40-m20-03,889.4244201797584,3308.3334999999997,3308.3334999999997,0.0,0.051289143,889.3731310367584,888.4249979399995,888.4061261650002,333,322,67,290,2264,,,,,
vf,mssp8-n160-d16-v100-p40-m20-04,1232.9850091136868,3527.1540538461563,3527.1540538461563,0.0,0.040681044,1232.944328069687,1232.0449516280005,1232.026032751,279,271,55,290,2179,,,,,
vf,mssp8-n160-d16-v100-p40-m20-05,1414.1501150618801,3587.000100000001,3587.000100000001,0.0,0.078466941,1414.0716481208801,1413.1725272920003,1413.1529350329997,339,330,41,290,2245,,,,,
vf,mssp8-n160-d16-v100-p40-m20-06,929.2457000449227,3630.000099999999,3630.000099999999,0.0,0.056827946,929.1888720989227,927.923813166,927.9027349610004,438,426,77,290,2196,,,,,
vf,mssp8-n160-d16-v100-p40-m20-07,426.0684875148093,3377.0001,3377.0001,0.0,0.040232529,426.0282549858093,425.2591714530001,425.242149869,425,419,27,290,2205,,,,,
vf,mssp8-n160-d16-v100-p40-m20-08,614.3934428178534,3299.0001,3299.0001,0.0,0.03573794,614.3577048778534,613.063434798,613.0498133849998,308,296,109,290,2247,,,,,
vf,mssp8-n160-d16-v100-p40-m20-09,546.5522338310151,3693.150139999998,3693.150139999998,0.0,0.034362928,546.5178709030151,545.3552447049999,545.3479765229997,167,158,130,290,2253,,,,,
vf,mssp8-n160-d16-v100-p40-m20-10,373.5134769783004,3396.0001,3396.0001,0.0,0.056210886,373.4572660923004,372.64117546700004,372.6328462190001,216,210,39,290,2268,,,,,
vf,mssp8-n160-d16-v100-p55-m13-01,300.3598918827904,1545.5001000000002,1545.5001000000002,0.0,0.010713807,300.3491780757904,291.0015781289999,290.98237950100025,408,396,2464,338,2334,,,,,
vf,mssp8-n160-d16-v100-p55-m13-02,811.5774862103137,1716.8183636363638,1716.8333369230834,8.721532246375113e-6,0.026811295,811.5506749153137,742.6246112310012,742.588383634001,717,699,26842,338,2250,,,,,
vf,mssp8-n160-d16-v100-p55-m13-03,579.6033434473799,1724.6002000000008,1724.6002000000008,0.0,0.030282458,579.5730609893799,556.5631146340003,556.5379046150001,488,475,4109,338,2330,,,,,
vf,mssp8-n160-d16-v100-p55-m13-04,263.1945972008329,1974.8001000000008,1974.8001000000008,0.0,0.077586369,263.1170108318329,257.6999388620001,257.6877125220001,286,274,1134,338,2295,,,,,
vf,mssp8-n160-d16-v100-p55-m13-05,139.45952658996313,2157.9001000000007,2157.9001000000007,0.0,0.085050634,139.37447595596313,134.34944882699997,134.34333683300008,191,181,1013,338,2325,,,,,
vf,mssp8-n160-d16-v100-p55-m13-06,1173.55419841872,1550.1001999999987,1550.1989732394395,6.372055138163883e-5,0.100630437,1173.45356798172,1146.5398506360007,1146.4958292189992,1042,1025,5871,338,2341,,,,,
vf,mssp8-n160-d16-v100-p55-m13-07,493.86298205260243,1891.1002000000015,1891.1002000000015,0.0,0.062613982,493.8003680706024,483.8716657930004,483.85597008199977,397,386,2497,338,2442,,,,,
vf,mssp8-n160-d16-v100-p55-m13-08,1546.963893831901,1760.4001999999991,1760.4001999999991,0.0,0.083846749,1546.880047082901,1518.4802850989997,1518.4397721220005,931,907,7068,338,2280,,,,,
vf,mssp8-n160-d16-v100-p55-m13-09,294.50273755454225,2314.4983127272726,2314.4983127272726,0.0,0.07333568,294.42940187454224,289.5644297960001,289.555116192,266,254,1115,338,2255,,,,,
vf,mssp8-n160-d16-v100-p55-m13-10,201.20164378219238,1890.5001000000002,1890.5001000000002,0.0,0.06107791,201.14056587219238,190.2473747360001,190.2411972010001,221,212,2566,338,2301,,,,,
vf,mssp8-n160-d16-v100-p70-m13-01,288.2330419535165,2281.4001000000003,2281.5908447772526,8.360864771258153e-5,0.011516046,288.2215259075165,260.8476720350001,260.80259560799976,1048,1027,5425,386,2308,,,,,
vf,mssp8-n160-d16-v100-p70-m13-02,344.5278623779447,2134.0001,2134.194784541422,9.122986518219621e-5,0.075523444,344.4523389339447,292.48835289199985,292.4396770199999,1070,1049,15187,386,2367,,,,,
vf,mssp8-n160-d16-v100-p70-m13-03,482.88288661439304,1860.8001000000002,1860.9754731343287,9.424609033960073e-5,0.059948649,482.82293796539307,424.2361682099994,424.0794860370001,1950,1936,17044,386,2364,,,,,
vf,mssp8-n160-d16-v100-p70-m13-04,115.06592845639466,2278.966833333332,2278.966833333332,0.0,0.04270148,115.02322697639465,104.83607412700017,104.8174090570001,413,402,2322,386,2344,,,,,
vf,mssp8-n160-d16-v100-p70-m13-05,71.31629288788488,2323.475149999999,2323.475149999999,0.0,0.067605859,71.24868702888489,62.54808863100003,62.53785983599998,222,210,1908,386,2386,,,,,
vf,mssp8-n160-d16-v100-p70-m13-06,313.5142376833513,2156.3001,2156.3001,0.0,0.026847642,313.4873900413513,289.2734751870001,289.2349135369997,827,813,4809,386,2303,,,,,
vf,mssp8-n160-d16-v100-p70-m13-07,319.64506476491454,2020.3001,2020.454363565891,7.635675803369124e-5,0.027513915,319.61755084991455,264.63432927499986,264.5823577140001,1090,1078,14122,386,2371,,,,,
vf,mssp8-n160-d16-v100-p70-m13-08,235.8723187973053,2097.7858571428555,2097.8345262295084,2.3200216784326243e-5,0.0468257,235.8254930973053,191.39590671900012,191.3605497490001,828,810,12931,386,2347,,,,,
vf,mssp8-n160-d16-v100-p70-m13-09,104.52149174325207,2425.32560677966,2425.32560677966,0.0,0.036430813,104.48506093025208,98.66674620399994,98.64771023900009,507,495,1278,386,2389,,,,,
vf,mssp8-n160-d16-v100-p70-m13-10,170.5056629131692,2333.8002,2333.866766666667,2.8522864410954503e-5,0.059976096,170.4456868171692,146.239024799,146.21421369400002,701,685,5756,386,2405,,,,,
vf,mssp8-n160-d16-v140-p40-m13-01,380.4379951035269,1618.5000999999997,1618.5000999999997,0.0,0.012355951,380.42563915252686,376.6958255260001,376.6864554959999,190,183,765,290,2262,,,,,
vf,mssp8-n160-d16-v140-p40-m13-02,706.3666271388404,1689.3001000000002,1689.3001000000002,0.0,0.034408015,706.3322191238403,703.4545400230002,703.4420113910004,263,255,578,290,2251,,,,,
vf,mssp8-n160-d16-v140-p40-m13-03,850.0690695034392,2070.347242990658,2070.347242990658,0.0,0.094218372,849.9748511314392,839.2205889500002,839.2107890349997,213,200,3257,290,2276,,,,,
vf,mssp8-n160-d16-v140-p40-m13-04,1180.22775388322,1679.500200000003,1679.500200000003,0.0,0.032974964,1180.19477891922,1174.7777704299992,1174.76139242,334,316,1398,290,2229,,,,,
vf,mssp8-n160-d16-v140-p40-m13-05,888.9417956388572,1962.7637909090888,1962.7637909090888,0.0,0.061556629,888.8802390098572,884.2916771229995,884.2802092019998,226,216,1488,290,2250,,,,,
vf,mssp8-n160-d16-v140-p40-m13-06,533.5788153127583,1913.8001000000004,1913.8001000000004,0.0,0.055075498,533.5237398147583,531.648623042,531.6437789590001,105,98,251,290,2176,,,,,
vf,mssp8-n160-d16-v140-p40-m13-07,811.7049875702481,1998.5000999999995,1998.5000999999995,0.0,0.054742619,811.6502449512482,804.9993691080002,804.990066266,205,198,1751,290,2220,,,,,
vf,mssp8-n160-d16-v140-p40-m13-08,1733.9516360222747,2203.2001,2203.2001,0.0,0.063792175,1733.8878438472748,1730.734218214,1730.6989156159998,425,410,677,290,2224,,,,,
vf,mssp8-n160-d16-v140-p40-m13-09,1778.3437407947179,1852.8751249999987,1852.8751249999987,0.0,0.069839809,1778.2739009857178,1765.5433932439998,1765.5216621690008,459,439,2458,290,2278,,,,,
vf,mssp8-n160-d16-v140-p40-m13-10,839.6551436214214,1823.7479782608693,1823.7479782608693,0.0,0.080082777,839.5750608444214,833.3552420859994,833.3476077800002,161,154,1498,290,2336,,,,,
vf,mssp8-n160-d16-v180-p40-m13-01,930.2453420136561,2333.700200000004,2333.700200000004,0.0,0.021430013,930.2239120006561,926.5334318719998,926.5188697929999,256,245,860,290,2227,,,,,
vf,mssp8-n160-d16-v180-p40-m13-02,938.5459304296086,2356.100300000002,2356.100300000002,0.0,0.063110634,938.4828197956085,933.4969208649998,933.481661321,272,260,1170,290,2181,,,,,
vf,mssp8-n160-d16-v180-p40-m13-03,869.3805172028018,2102.4001000000007,2102.6091327169274,9.94257548440402e-5,0.065299231,869.3152179718018,847.3602482569993,847.341494135,330,319,5621,290,2181,,,,,
vf,mssp8-n160-d16-v180-p40-m13-04,815.9827971186563,2360.6001000000015,2360.6001000000015,0.0,0.067915174,815.9148819446564,812.7591751809998,812.7456599830002,240,228,640,290,2241,,,,,
vf,mssp8-n160-d16-v180-p40-m13-05,2436.379160188776,2404.300300000003,2404.300300000003,0.0,0.051333212,2436.327826976776,2431.8740405779986,2431.8495497570007,401,386,1343,290,2235,,,,,
vf,mssp8-n160-d16-v180-p40-m13-06,1479.1082164472234,1974.1001000000006,1974.1001000000006,0.0,0.03890459,1479.0693118572235,1468.1801043549997,1468.1636646360007,306,293,2217,290,2124,,,,,
vf,mssp8-n160-d16-v180-p40-m13-07,3446.0499028093964,2087.4251500000046,2087.4251500000046,0.0,0.045136822,3446.0047659873962,3432.946852395002,3432.919944465998,494,476,2458,290,2222,,,,,
vf,mssp8-n160-d16-v180-p40-m13-08,624.8352965266486,2336.5092181818145,2336.5092181818145,0.0,0.04317154,624.7921249866486,621.6011289370001,621.57393568,152,143,763,290,2254,,,,,
vf,mssp8-n160-d16-v180-p40-m13-09,436.714708291395,2270.1501999999987,2270.1501999999987,0.0,0.106198274,436.608510017395,432.684550794,432.6776299340001,135,123,992,290,2210,,,,,
vf,mssp8-n160-d16-v180-p40-m13-10,1236.4057456365383,2150.9001500000004,2151.1106614230134,9.787131355820079e-5,0.092409741,1236.3133358955383,1229.693516697,1229.676151469,326,310,1690,290,2227,,,,,
vf,mssp8-n160-d20-v100-p40-m13-01,647.62251656928,1218.0001999999995,1218.0001999999995,0.0,0.013584551,647.60893201828,638.4654663650001,638.4556404240001,195,182,2276,290,2734,,,,,
vf,mssp8-n160-d20-v100-p40-m13-02,306.8600807784563,1376.6001000000006,1376.6001000000006,0.0,0.050536692,306.8095440864563,302.362418414,302.35915385500005,64,57,887,290,2756,,,,,
vf,mssp8-n160-d20-v100-p40-m13-03,1313.2723886690333,1306.9835333333335,1307.0903460296868,8.172459226079892e-5,0.07196066,1313.2004280090332,1300.176863894,1300.1652272510003,225,214,2308,290,2786,,,,,
vf,mssp8-n160-d20-v100-p40-m13-04,707.0043827924444,1475.4001000000003,1475.4001000000003,0.0,0.044771615,706.9596111774445,703.3892717360002,703.3835321140001,114,108,593,290,2659,,,,,
vf,mssp8-n160-d20-v100-p40-m13-05,980.7387721865572,1477.6001000000012,1477.6001000000012,0.0,0.103563103,980.6352090835571,976.9995212170005,976.9891337329993,209,198,625,290,2782,,,,,
vf,mssp8-n160-d20-v100-p40-m13-06,1777.8358194212472,1336.2001000000005,1336.2001000000005,0.0,0.091814218,1777.744005203247,1766.7501643010005,1766.7378797540005,269,255,2034,290,2694,,,,,
vf,mssp8-n160-d20-v100-p40-m13-07,690.7264979670267,1418.1001,1418.2000999999993,7.051688382168996e-5,0.078960974,690.6475369930267,686.7305746719996,686.7238026049998,167,158,987,290,2726,,,,,
vf,mssp8-n160-d20-v100-p40-m13-08,1258.0970840464813,1125.5001000000002,1125.5001000000002,0.0,0.0646832,1258.0324008464813,1252.2421771210002,1252.2346979949994,163,150,1340,290,2764,,,,,
vf,mssp8-n160-d20-v100-p40-m13-09,1262.148645908028,1299.5001499999998,1299.5001499999998,0.0,0.104852945,1262.043792963028,1257.4675110610003,1257.459386271,185,173,1052,290,2716,,,,,
vf,mssp8-n160-d20-v100-p40-m13-10,514.9460100470012,1563.1001500000004,1563.1001500000004,0.0,0.051707202,514.8943028450012,512.7169997240001,512.711814784,103,96,250,290,2652,,,,,
vf,mssp8-n160-d24-v100-p40-m13-01,336.8807325072815,1272.400100000002,1272.400100000002,0.0,0.02637145,336.8543610572815,332.833806985,332.828628839,82,76,712,290,3204,,,,,
vf,mssp8-n160-d24-v100-p40-m13-02,2679.0027995221953,1032.8001000000002,1032.8001000000002,0.0,0.027625572,2678.9751739501953,2660.5767726490017,2660.553640173,368,350,3374,290,3200,,,,,
vf,mssp8-n160-d24-v100-p40-m13-03,1505.5204892240001,988.1001000000002,988.1001000000002,0.0,0.081254252,1505.4392349720001,1488.6021806140002,1488.5914097979994,174,159,2715,290,3264,,,,,
vf,mssp8-n160-d24-v100-p40-m13-04,1710.7830984609047,1177.2001666666665,1177.2001666666665,0.0,0.058033468,1710.7250649929047,1700.653427368,1700.6370820550014,261,244,1301,290,3297,,,,,
vf,mssp8-n160-d24-v100-p40-m13-05,1939.0434616993537,998.3001,998.3001,0.0,0.058481593,1938.9849801063538,1925.1572996760003,1925.144632097001,197,185,2013,290,3170,,,,,
vf,mssp8-n160-d24-v100-p40-m13-06,1577.477444967649,921.1001000000001,921.1557818181825,6.045142996118751e-5,0.039490065,1577.437954902649,1564.443334261,1564.4325210929999,169,159,1972,290,3241,,,,,
vf,mssp8-n160-d24-v100-p40-m13-07,1465.545671867348,1117.0001000000009,1117.0001000000009,0.0,0.075392889,1465.4702789783478,1454.3603893060006,1454.349315071,176,166,1394,290,3348,,,,,
vf,mssp8-n160-d24-v100-p40-m13-08,715.1207611740298,1108.0001000000002,1108.0001000000002,0.0,0.060709256,715.0600519180298,710.335638032,710.3285115110001,125,116,1001,290,3281,,,,,
vf,mssp8-n160-d24-v100-p40-m13-09,465.4927576741028,977.3001000000003,977.3001000000003,0.0,0.135426875,465.3573307991028,460.3878398730001,460.38156760899994,109,100,984,290,3230,,,,,
vf,mssp8-n160-d24-v100-p40-m13-10,2191.3851305282283,1101.500233333335,1101.500233333335,0.0,0.039388541,2191.3457419872284,2180.277097556,2180.260158753,267,252,1607,290,3270,,,,,
